"2024-01-01 00:00:00","2024-01-01 03:00:00","DSWRF","surface",-124,37,11.02
"2024-01-01 00:00:00","2024-01-01 03:00:00","DSWRF","surface",-123.75,37,9.24
"2024-01-01 00:00:00","2024-01-01 03:00:00","DSWRF","surface",-123.5,37,7.94
"2024-01-01 00:00:00","2024-01-01 03:00:00","DSWRF","surface",-123.25,37,7.24
"2024-01-01 00:00:00","2024-01-01 03:00:00","DSWRF","surface",-123,37,6.96
"2024-01-01 00:00:00","2024-01-01 03:00:00","DSWRF","surface",-122.75,37,7.08
"2024-01-01 00:00:00","2024-01-01 03:00:00","DSWRF","surface",-122.5,37,6.88
"2024-01-01 00:00:00","2024-01-01 03:00:00","DSWRF","surface",-122.25,37,7.58
"2024-01-01 00:00:00","2024-01-01 03:00:00","DSWRF","surface",-122,37,6.32
"2024-01-01 00:00:00","2024-01-01 03:00:00","DSWRF","surface",-121.75,37,6.36
"2024-01-01 00:00:00","2024-01-01 03:00:00","DSWRF","surface",-121.5,37,5.74
"2024-01-01 00:00:00","2024-01-01 03:00:00","DSWRF","surface",-121.25,37,6.7
"2024-01-01 00:00:00","2024-01-01 03:00:00","DSWRF","surface",-121,37,7.54
"2024-01-01 00:00:00","2024-01-01 03:00:00","DSWRF","surface",-120.75,37,7.24
"2024-01-01 00:00:00","2024-01-01 03:00:00","DSWRF","surface",-120.5,37,5.98
"2024-01-01 00:00:00","2024-01-01 03:00:00","DSWRF","surface",-120.25,37,3.66
"2024-01-01 00:00:00","2024-01-01 03:00:00","DSWRF","surface",-120,37,4.66
"2024-01-01 00:00:00","2024-01-01 03:00:00","DSWRF","surface",-124,37.25,10.26
"2024-01-01 00:00:00","2024-01-01 03:00:00","DSWRF","surface",-123.75,37.25,7.88
"2024-01-01 00:00:00","2024-01-01 03:00:00","DSWRF","surface",-123.5,37.25,6.6
"2024-01-01 00:00:00","2024-01-01 03:00:00","DSWRF","surface",-123.25,37.25,6.3
"2024-01-01 00:00:00","2024-01-01 03:00:00","DSWRF","surface",-123,37.25,6.92
"2024-01-01 00:00:00","2024-01-01 03:00:00","DSWRF","surface",-122.75,37.25,6.32
"2024-01-01 00:00:00","2024-01-01 03:00:00","DSWRF","surface",-122.5,37.25,5.7
"2024-01-01 00:00:00","2024-01-01 03:00:00","DSWRF","surface",-122.25,37.25,5.76
"2024-01-01 00:00:00","2024-01-01 03:00:00","DSWRF","surface",-122,37.25,5.66
"2024-01-01 00:00:00","2024-01-01 03:00:00","DSWRF","surface",-121.75,37.25,5.48
"2024-01-01 00:00:00","2024-01-01 03:00:00","DSWRF","surface",-121.5,37.25,4.4
"2024-01-01 00:00:00","2024-01-01 03:00:00","DSWRF","surface",-121.25,37.25,3.32
"2024-01-01 00:00:00","2024-01-01 03:00:00","DSWRF","surface",-121,37.25,1.56
"2024-01-01 00:00:00","2024-01-01 03:00:00","DSWRF","surface",-120.75,37.25,3.9
"2024-01-01 00:00:00","2024-01-01 03:00:00","DSWRF","surface",-120.5,37.25,3.92
"2024-01-01 00:00:00","2024-01-01 03:00:00","DSWRF","surface",-120.25,37.25,3.64
"2024-01-01 00:00:00","2024-01-01 03:00:00","DSWRF","surface",-120,37.25,4.7
"2024-01-01 00:00:00","2024-01-01 03:00:00","DSWRF","surface",-124,37.5,12.26
"2024-01-01 00:00:00","2024-01-01 03:00:00","DSWRF","surface",-123.75,37.5,8.6
"2024-01-01 00:00:00","2024-01-01 03:00:00","DSWRF","surface",-123.5,37.5,5.98
"2024-01-01 00:00:00","2024-01-01 03:00:00","DSWRF","surface",-123.25,37.5,6.3
"2024-01-01 00:00:00","2024-01-01 03:00:00","DSWRF","surface",-123,37.5,7.08
"2024-01-01 00:00:00","2024-01-01 03:00:00","DSWRF","surface",-122.75,37.5,5.82
"2024-01-01 00:00:00","2024-01-01 03:00:00","DSWRF","surface",-122.5,37.5,5.02
"2024-01-01 00:00:00","2024-01-01 03:00:00","DSWRF","surface",-122.25,37.5,5.26
"2024-01-01 00:00:00","2024-01-01 03:00:00","DSWRF","surface",-122,37.5,5.7
"2024-01-01 00:00:00","2024-01-01 03:00:00","DSWRF","surface",-121.75,37.5,5.28
"2024-01-01 00:00:00","2024-01-01 03:00:00","DSWRF","surface",-121.5,37.5,5.16
"2024-01-01 00:00:00","2024-01-01 03:00:00","DSWRF","surface",-121.25,37.5,4.84
"2024-01-01 00:00:00","2024-01-01 03:00:00","DSWRF","surface",-121,37.5,3.72
"2024-01-01 00:00:00","2024-01-01 03:00:00","DSWRF","surface",-120.75,37.5,3.76
"2024-01-01 00:00:00","2024-01-01 03:00:00","DSWRF","surface",-120.5,37.5,3.6
"2024-01-01 00:00:00","2024-01-01 03:00:00","DSWRF","surface",-120.25,37.5,3.76
"2024-01-01 00:00:00","2024-01-01 03:00:00","DSWRF","surface",-120,37.5,5.52
"2024-01-01 00:00:00","2024-01-01 03:00:00","DSWRF","surface",-124,37.75,10.88
"2024-01-01 00:00:00","2024-01-01 03:00:00","DSWRF","surface",-123.75,37.75,9.24
"2024-01-01 00:00:00","2024-01-01 03:00:00","DSWRF","surface",-123.5,37.75,7.5
"2024-01-01 00:00:00","2024-01-01 03:00:00","DSWRF","surface",-123.25,37.75,8.4
"2024-01-01 00:00:00","2024-01-01 03:00:00","DSWRF","surface",-123,37.75,5.98
"2024-01-01 00:00:00","2024-01-01 03:00:00","DSWRF","surface",-122.75,37.75,6.24
"2024-01-01 00:00:00","2024-01-01 03:00:00","DSWRF","surface",-122.5,37.75,6.54
"2024-01-01 00:00:00","2024-01-01 03:00:00","DSWRF","surface",-122.25,37.75,7.46
"2024-01-01 00:00:00","2024-01-01 03:00:00","DSWRF","surface",-122,37.75,6.66
"2024-01-01 00:00:00","2024-01-01 03:00:00","DSWRF","surface",-121.75,37.75,6.14
"2024-01-01 00:00:00","2024-01-01 03:00:00","DSWRF","surface",-121.5,37.75,6.82
"2024-01-01 00:00:00","2024-01-01 03:00:00","DSWRF","surface",-121.25,37.75,5.78
"2024-01-01 00:00:00","2024-01-01 03:00:00","DSWRF","surface",-121,37.75,4.92
"2024-01-01 00:00:00","2024-01-01 03:00:00","DSWRF","surface",-120.75,37.75,5.42
"2024-01-01 00:00:00","2024-01-01 03:00:00","DSWRF","surface",-120.5,37.75,5.96
"2024-01-01 00:00:00","2024-01-01 03:00:00","DSWRF","surface",-120.25,37.75,5.46
"2024-01-01 00:00:00","2024-01-01 03:00:00","DSWRF","surface",-120,37.75,5.76
"2024-01-01 00:00:00","2024-01-01 03:00:00","DSWRF","surface",-124,38,9.06
"2024-01-01 00:00:00","2024-01-01 03:00:00","DSWRF","surface",-123.75,38,10.46
"2024-01-01 00:00:00","2024-01-01 03:00:00","DSWRF","surface",-123.5,38,7.86
"2024-01-01 00:00:00","2024-01-01 03:00:00","DSWRF","surface",-123.25,38,8.46
"2024-01-01 00:00:00","2024-01-01 03:00:00","DSWRF","surface",-123,38,6.3
"2024-01-01 00:00:00","2024-01-01 03:00:00","DSWRF","surface",-122.75,38,7.06
"2024-01-01 00:00:00","2024-01-01 03:00:00","DSWRF","surface",-122.5,38,8.18
"2024-01-01 00:00:00","2024-01-01 03:00:00","DSWRF","surface",-122.25,38,6.86
"2024-01-01 00:00:00","2024-01-01 03:00:00","DSWRF","surface",-122,38,6.74
"2024-01-01 00:00:00","2024-01-01 03:00:00","DSWRF","surface",-121.75,38,7.46
"2024-01-01 00:00:00","2024-01-01 03:00:00","DSWRF","surface",-121.5,38,4.96
"2024-01-01 00:00:00","2024-01-01 03:00:00","DSWRF","surface",-121.25,38,6.92
"2024-01-01 00:00:00","2024-01-01 03:00:00","DSWRF","surface",-121,38,6.36
"2024-01-01 00:00:00","2024-01-01 03:00:00","DSWRF","surface",-120.75,38,6.78
"2024-01-01 00:00:00","2024-01-01 03:00:00","DSWRF","surface",-120.5,38,6.48
"2024-01-01 00:00:00","2024-01-01 03:00:00","DSWRF","surface",-120.25,38,6.66
"2024-01-01 00:00:00","2024-01-01 03:00:00","DSWRF","surface",-120,38,6.32
"2024-01-01 00:00:00","2024-01-01 03:00:00","DSWRF","surface",-124,38.25,9.42
"2024-01-01 00:00:00","2024-01-01 03:00:00","DSWRF","surface",-123.75,38.25,10.56
"2024-01-01 00:00:00","2024-01-01 03:00:00","DSWRF","surface",-123.5,38.25,8.4
"2024-01-01 00:00:00","2024-01-01 03:00:00","DSWRF","surface",-123.25,38.25,9.18
"2024-01-01 00:00:00","2024-01-01 03:00:00","DSWRF","surface",-123,38.25,8.54
"2024-01-01 00:00:00","2024-01-01 03:00:00","DSWRF","surface",-122.75,38.25,7.76
"2024-01-01 00:00:00","2024-01-01 03:00:00","DSWRF","surface",-122.5,38.25,8.38
"2024-01-01 00:00:00","2024-01-01 03:00:00","DSWRF","surface",-122.25,38.25,7.62
"2024-01-01 00:00:00","2024-01-01 03:00:00","DSWRF","surface",-122,38.25,7
"2024-01-01 00:00:00","2024-01-01 03:00:00","DSWRF","surface",-121.75,38.25,6.24
"2024-01-01 00:00:00","2024-01-01 03:00:00","DSWRF","surface",-121.5,38.25,7.68
"2024-01-01 00:00:00","2024-01-01 03:00:00","DSWRF","surface",-121.25,38.25,7.4
"2024-01-01 00:00:00","2024-01-01 03:00:00","DSWRF","surface",-121,38.25,6.68
"2024-01-01 00:00:00","2024-01-01 03:00:00","DSWRF","surface",-120.75,38.25,7.44
"2024-01-01 00:00:00","2024-01-01 03:00:00","DSWRF","surface",-120.5,38.25,6.72
"2024-01-01 00:00:00","2024-01-01 03:00:00","DSWRF","surface",-120.25,38.25,6.78
"2024-01-01 00:00:00","2024-01-01 03:00:00","DSWRF","surface",-120,38.25,6.28
"2024-01-01 00:00:00","2024-01-01 03:00:00","DSWRF","surface",-124,38.5,12.12
"2024-01-01 00:00:00","2024-01-01 03:00:00","DSWRF","surface",-123.75,38.5,11.24
"2024-01-01 00:00:00","2024-01-01 03:00:00","DSWRF","surface",-123.5,38.5,9.6
"2024-01-01 00:00:00","2024-01-01 03:00:00","DSWRF","surface",-123.25,38.5,9.54
"2024-01-01 00:00:00","2024-01-01 03:00:00","DSWRF","surface",-123,38.5,9.64
"2024-01-01 00:00:00","2024-01-01 03:00:00","DSWRF","surface",-122.75,38.5,8.64
"2024-01-01 00:00:00","2024-01-01 03:00:00","DSWRF","surface",-122.5,38.5,6.38
"2024-01-01 00:00:00","2024-01-01 03:00:00","DSWRF","surface",-122.25,38.5,6.98
"2024-01-01 00:00:00","2024-01-01 03:00:00","DSWRF","surface",-122,38.5,6.54
"2024-01-01 00:00:00","2024-01-01 03:00:00","DSWRF","surface",-121.75,38.5,7.68
"2024-01-01 00:00:00","2024-01-01 03:00:00","DSWRF","surface",-121.5,38.5,7.62
"2024-01-01 00:00:00","2024-01-01 03:00:00","DSWRF","surface",-121.25,38.5,7.66
"2024-01-01 00:00:00","2024-01-01 03:00:00","DSWRF","surface",-121,38.5,6.9
"2024-01-01 00:00:00","2024-01-01 03:00:00","DSWRF","surface",-120.75,38.5,6.4
"2024-01-01 00:00:00","2024-01-01 03:00:00","DSWRF","surface",-120.5,38.5,5.78
"2024-01-01 00:00:00","2024-01-01 03:00:00","DSWRF","surface",-120.25,38.5,5.58
"2024-01-01 00:00:00","2024-01-01 03:00:00","DSWRF","surface",-120,38.5,5.8
"2024-01-01 00:00:00","2024-01-01 03:00:00","DSWRF","surface",-124,38.75,11.92
"2024-01-01 00:00:00","2024-01-01 03:00:00","DSWRF","surface",-123.75,38.75,12
"2024-01-01 00:00:00","2024-01-01 03:00:00","DSWRF","surface",-123.5,38.75,10.84
"2024-01-01 00:00:00","2024-01-01 03:00:00","DSWRF","surface",-123.25,38.75,9.9
"2024-01-01 00:00:00","2024-01-01 03:00:00","DSWRF","surface",-123,38.75,9.22
"2024-01-01 00:00:00","2024-01-01 03:00:00","DSWRF","surface",-122.75,38.75,7.34
"2024-01-01 00:00:00","2024-01-01 03:00:00","DSWRF","surface",-122.5,38.75,8.38
"2024-01-01 00:00:00","2024-01-01 03:00:00","DSWRF","surface",-122.25,38.75,7.1
"2024-01-01 00:00:00","2024-01-01 03:00:00","DSWRF","surface",-122,38.75,8.7
"2024-01-01 00:00:00","2024-01-01 03:00:00","DSWRF","surface",-121.75,38.75,8.24
"2024-01-01 00:00:00","2024-01-01 03:00:00","DSWRF","surface",-121.5,38.75,7.66
"2024-01-01 00:00:00","2024-01-01 03:00:00","DSWRF","surface",-121.25,38.75,7.78
"2024-01-01 00:00:00","2024-01-01 03:00:00","DSWRF","surface",-121,38.75,7.18
"2024-01-01 00:00:00","2024-01-01 03:00:00","DSWRF","surface",-120.75,38.75,6.36
"2024-01-01 00:00:00","2024-01-01 03:00:00","DSWRF","surface",-120.5,38.75,5.46
"2024-01-01 00:00:00","2024-01-01 03:00:00","DSWRF","surface",-120.25,38.75,5.4
"2024-01-01 00:00:00","2024-01-01 03:00:00","DSWRF","surface",-120,38.75,5.46
"2024-01-01 00:00:00","2024-01-01 03:00:00","DSWRF","surface",-124,39,12.74
"2024-01-01 00:00:00","2024-01-01 03:00:00","DSWRF","surface",-123.75,39,11.66
"2024-01-01 00:00:00","2024-01-01 03:00:00","DSWRF","surface",-123.5,39,11.52
"2024-01-01 00:00:00","2024-01-01 03:00:00","DSWRF","surface",-123.25,39,10.3
"2024-01-01 00:00:00","2024-01-01 03:00:00","DSWRF","surface",-123,39,10.16
"2024-01-01 00:00:00","2024-01-01 03:00:00","DSWRF","surface",-122.75,39,9.98
"2024-01-01 00:00:00","2024-01-01 03:00:00","DSWRF","surface",-122.5,39,7.2
"2024-01-01 00:00:00","2024-01-01 03:00:00","DSWRF","surface",-122.25,39,7.66
"2024-01-01 00:00:00","2024-01-01 03:00:00","DSWRF","surface",-122,39,8.12
"2024-01-01 00:00:00","2024-01-01 03:00:00","DSWRF","surface",-121.75,39,7.84
"2024-01-01 00:00:00","2024-01-01 03:00:00","DSWRF","surface",-121.5,39,7
"2024-01-01 00:00:00","2024-01-01 03:00:00","DSWRF","surface",-121.25,39,7.06
"2024-01-01 00:00:00","2024-01-01 03:00:00","DSWRF","surface",-121,39,7.24
"2024-01-01 00:00:00","2024-01-01 03:00:00","DSWRF","surface",-120.75,39,6.66
"2024-01-01 00:00:00","2024-01-01 03:00:00","DSWRF","surface",-120.5,39,6.38
"2024-01-01 00:00:00","2024-01-01 03:00:00","DSWRF","surface",-120.25,39,6.12
"2024-01-01 00:00:00","2024-01-01 03:00:00","DSWRF","surface",-120,39,5.4
"2024-01-01 00:00:00","2024-01-01 03:00:00","DSWRF","surface",-124,39.25,12.52
"2024-01-01 00:00:00","2024-01-01 03:00:00","DSWRF","surface",-123.75,39.25,11.22
"2024-01-01 00:00:00","2024-01-01 03:00:00","DSWRF","surface",-123.5,39.25,12
"2024-01-01 00:00:00","2024-01-01 03:00:00","DSWRF","surface",-123.25,39.25,10.82
"2024-01-01 00:00:00","2024-01-01 03:00:00","DSWRF","surface",-123,39.25,10.18
"2024-01-01 00:00:00","2024-01-01 03:00:00","DSWRF","surface",-122.75,39.25,9.52
"2024-01-01 00:00:00","2024-01-01 03:00:00","DSWRF","surface",-122.5,39.25,7.96
"2024-01-01 00:00:00","2024-01-01 03:00:00","DSWRF","surface",-122.25,39.25,8.56
"2024-01-01 00:00:00","2024-01-01 03:00:00","DSWRF","surface",-122,39.25,7.7
"2024-01-01 00:00:00","2024-01-01 03:00:00","DSWRF","surface",-121.75,39.25,7.6
"2024-01-01 00:00:00","2024-01-01 03:00:00","DSWRF","surface",-121.5,39.25,7
"2024-01-01 00:00:00","2024-01-01 03:00:00","DSWRF","surface",-121.25,39.25,6.38
"2024-01-01 00:00:00","2024-01-01 03:00:00","DSWRF","surface",-121,39.25,6.34
"2024-01-01 00:00:00","2024-01-01 03:00:00","DSWRF","surface",-120.75,39.25,6.04
"2024-01-01 00:00:00","2024-01-01 03:00:00","DSWRF","surface",-120.5,39.25,6.42
"2024-01-01 00:00:00","2024-01-01 03:00:00","DSWRF","surface",-120.25,39.25,6.44
"2024-01-01 00:00:00","2024-01-01 03:00:00","DSWRF","surface",-120,39.25,5.88
"2024-01-01 00:00:00","2024-01-01 03:00:00","DSWRF","surface",-124,39.5,12.7
"2024-01-01 00:00:00","2024-01-01 03:00:00","DSWRF","surface",-123.75,39.5,12.32
"2024-01-01 00:00:00","2024-01-01 03:00:00","DSWRF","surface",-123.5,39.5,12.34
"2024-01-01 00:00:00","2024-01-01 03:00:00","DSWRF","surface",-123.25,39.5,11.68
"2024-01-01 00:00:00","2024-01-01 03:00:00","DSWRF","surface",-123,39.5,9.36
"2024-01-01 00:00:00","2024-01-01 03:00:00","DSWRF","surface",-122.75,39.5,4.54
"2024-01-01 00:00:00","2024-01-01 03:00:00","DSWRF","surface",-122.5,39.5,8.56
"2024-01-01 00:00:00","2024-01-01 03:00:00","DSWRF","surface",-122.25,39.5,9.08
"2024-01-01 00:00:00","2024-01-01 03:00:00","DSWRF","surface",-122,39.5,8.48
"2024-01-01 00:00:00","2024-01-01 03:00:00","DSWRF","surface",-121.75,39.5,7.8
"2024-01-01 00:00:00","2024-01-01 03:00:00","DSWRF","surface",-121.5,39.5,7.2
"2024-01-01 00:00:00","2024-01-01 03:00:00","DSWRF","surface",-121.25,39.5,6.26
"2024-01-01 00:00:00","2024-01-01 03:00:00","DSWRF","surface",-121,39.5,5.88
"2024-01-01 00:00:00","2024-01-01 03:00:00","DSWRF","surface",-120.75,39.5,5.74
"2024-01-01 00:00:00","2024-01-01 03:00:00","DSWRF","surface",-120.5,39.5,5.22
"2024-01-01 00:00:00","2024-01-01 03:00:00","DSWRF","surface",-120.25,39.5,5.34
"2024-01-01 00:00:00","2024-01-01 03:00:00","DSWRF","surface",-120,39.5,5.42
"2024-01-01 00:00:00","2024-01-01 03:00:00","DSWRF","surface",-124,39.75,13.6
"2024-01-01 00:00:00","2024-01-01 03:00:00","DSWRF","surface",-123.75,39.75,12.4
"2024-01-01 00:00:00","2024-01-01 03:00:00","DSWRF","surface",-123.5,39.75,11.28
"2024-01-01 00:00:00","2024-01-01 03:00:00","DSWRF","surface",-123.25,39.75,10.92
"2024-01-01 00:00:00","2024-01-01 03:00:00","DSWRF","surface",-123,39.75,8.42
"2024-01-01 00:00:00","2024-01-01 03:00:00","DSWRF","surface",-122.75,39.75,5.16
"2024-01-01 00:00:00","2024-01-01 03:00:00","DSWRF","surface",-122.5,39.75,9.06
"2024-01-01 00:00:00","2024-01-01 03:00:00","DSWRF","surface",-122.25,39.75,8.82
"2024-01-01 00:00:00","2024-01-01 03:00:00","DSWRF","surface",-122,39.75,7.58
"2024-01-01 00:00:00","2024-01-01 03:00:00","DSWRF","surface",-121.75,39.75,7.54
"2024-01-01 00:00:00","2024-01-01 03:00:00","DSWRF","surface",-121.5,39.75,7.42
"2024-01-01 00:00:00","2024-01-01 03:00:00","DSWRF","surface",-121.25,39.75,7
"2024-01-01 00:00:00","2024-01-01 03:00:00","DSWRF","surface",-121,39.75,6.68
"2024-01-01 00:00:00","2024-01-01 03:00:00","DSWRF","surface",-120.75,39.75,5.88
"2024-01-01 00:00:00","2024-01-01 03:00:00","DSWRF","surface",-120.5,39.75,4.76
"2024-01-01 00:00:00","2024-01-01 03:00:00","DSWRF","surface",-120.25,39.75,5.42
"2024-01-01 00:00:00","2024-01-01 03:00:00","DSWRF","surface",-120,39.75,5.28
"2024-01-01 00:00:00","2024-01-01 03:00:00","DSWRF","surface",-124,40,13.26
"2024-01-01 00:00:00","2024-01-01 03:00:00","DSWRF","surface",-123.75,40,12.58
"2024-01-01 00:00:00","2024-01-01 03:00:00","DSWRF","surface",-123.5,40,12.06
"2024-01-01 00:00:00","2024-01-01 03:00:00","DSWRF","surface",-123.25,40,9.84
"2024-01-01 00:00:00","2024-01-01 03:00:00","DSWRF","surface",-123,40,7.32
"2024-01-01 00:00:00","2024-01-01 03:00:00","DSWRF","surface",-122.75,40,4.62
"2024-01-01 00:00:00","2024-01-01 03:00:00","DSWRF","surface",-122.5,40,8.94
"2024-01-01 00:00:00","2024-01-01 03:00:00","DSWRF","surface",-122.25,40,8.22
"2024-01-01 00:00:00","2024-01-01 03:00:00","DSWRF","surface",-122,40,7.64
"2024-01-01 00:00:00","2024-01-01 03:00:00","DSWRF","surface",-121.75,40,7.28
"2024-01-01 00:00:00","2024-01-01 03:00:00","DSWRF","surface",-121.5,40,6.92
"2024-01-01 00:00:00","2024-01-01 03:00:00","DSWRF","surface",-121.25,40,6.24
"2024-01-01 00:00:00","2024-01-01 03:00:00","DSWRF","surface",-121,40,5.78
"2024-01-01 00:00:00","2024-01-01 03:00:00","DSWRF","surface",-120.75,40,5.12
"2024-01-01 00:00:00","2024-01-01 03:00:00","DSWRF","surface",-120.5,40,4.7
"2024-01-01 00:00:00","2024-01-01 03:00:00","DSWRF","surface",-120.25,40,5.08
"2024-01-01 00:00:00","2024-01-01 03:00:00","DSWRF","surface",-120,40,4.86
"2024-01-01 00:00:00","2024-01-01 03:00:00","DSWRF","surface",-124,40.25,11.44
"2024-01-01 00:00:00","2024-01-01 03:00:00","DSWRF","surface",-123.75,40.25,11.14
"2024-01-01 00:00:00","2024-01-01 03:00:00","DSWRF","surface",-123.5,40.25,11.6
"2024-01-01 00:00:00","2024-01-01 03:00:00","DSWRF","surface",-123.25,40.25,7.1
"2024-01-01 00:00:00","2024-01-01 03:00:00","DSWRF","surface",-123,40.25,3.96
"2024-01-01 00:00:00","2024-01-01 03:00:00","DSWRF","surface",-122.75,40.25,7.44
"2024-01-01 00:00:00","2024-01-01 03:00:00","DSWRF","surface",-122.5,40.25,8.6
"2024-01-01 00:00:00","2024-01-01 03:00:00","DSWRF","surface",-122.25,40.25,7.62
"2024-01-01 00:00:00","2024-01-01 03:00:00","DSWRF","surface",-122,40.25,6.98
"2024-01-01 00:00:00","2024-01-01 03:00:00","DSWRF","surface",-121.75,40.25,6.62
"2024-01-01 00:00:00","2024-01-01 03:00:00","DSWRF","surface",-121.5,40.25,6
"2024-01-01 00:00:00","2024-01-01 03:00:00","DSWRF","surface",-121.25,40.25,5.14
"2024-01-01 00:00:00","2024-01-01 03:00:00","DSWRF","surface",-121,40.25,4.62
"2024-01-01 00:00:00","2024-01-01 03:00:00","DSWRF","surface",-120.75,40.25,4.56
"2024-01-01 00:00:00","2024-01-01 03:00:00","DSWRF","surface",-120.5,40.25,4.62
"2024-01-01 00:00:00","2024-01-01 03:00:00","DSWRF","surface",-120.25,40.25,4.98
"2024-01-01 00:00:00","2024-01-01 03:00:00","DSWRF","surface",-120,40.25,4.58
"2024-01-01 00:00:00","2024-01-01 03:00:00","DSWRF","surface",-124,40.5,10.34
"2024-01-01 00:00:00","2024-01-01 03:00:00","DSWRF","surface",-123.75,40.5,8.7
"2024-01-01 00:00:00","2024-01-01 03:00:00","DSWRF","surface",-123.5,40.5,7.32
"2024-01-01 00:00:00","2024-01-01 03:00:00","DSWRF","surface",-123.25,40.5,9.4
"2024-01-01 00:00:00","2024-01-01 03:00:00","DSWRF","surface",-123,40.5,9.52
"2024-01-01 00:00:00","2024-01-01 03:00:00","DSWRF","surface",-122.75,40.5,8.78
"2024-01-01 00:00:00","2024-01-01 03:00:00","DSWRF","surface",-122.5,40.5,7.9
"2024-01-01 00:00:00","2024-01-01 03:00:00","DSWRF","surface",-122.25,40.5,7.16
"2024-01-01 00:00:00","2024-01-01 03:00:00","DSWRF","surface",-122,40.5,6.86
"2024-01-01 00:00:00","2024-01-01 03:00:00","DSWRF","surface",-121.75,40.5,6.46
"2024-01-01 00:00:00","2024-01-01 03:00:00","DSWRF","surface",-121.5,40.5,5.68
"2024-01-01 00:00:00","2024-01-01 03:00:00","DSWRF","surface",-121.25,40.5,4.92
"2024-01-01 00:00:00","2024-01-01 03:00:00","DSWRF","surface",-121,40.5,4.5
"2024-01-01 00:00:00","2024-01-01 03:00:00","DSWRF","surface",-120.75,40.5,4.44
"2024-01-01 00:00:00","2024-01-01 03:00:00","DSWRF","surface",-120.5,40.5,4.44
"2024-01-01 00:00:00","2024-01-01 03:00:00","DSWRF","surface",-120.25,40.5,4.36
"2024-01-01 00:00:00","2024-01-01 03:00:00","DSWRF","surface",-120,40.5,4.06
"2024-01-01 00:00:00","2024-01-01 03:00:00","DSWRF","surface",-124,40.75,10
"2024-01-01 00:00:00","2024-01-01 03:00:00","DSWRF","surface",-123.75,40.75,7.06
"2024-01-01 00:00:00","2024-01-01 03:00:00","DSWRF","surface",-123.5,40.75,8.74
"2024-01-01 00:00:00","2024-01-01 03:00:00","DSWRF","surface",-123.25,40.75,8.56
"2024-01-01 00:00:00","2024-01-01 03:00:00","DSWRF","surface",-123,40.75,8.3
"2024-01-01 00:00:00","2024-01-01 03:00:00","DSWRF","surface",-122.75,40.75,7.34
"2024-01-01 00:00:00","2024-01-01 03:00:00","DSWRF","surface",-122.5,40.75,6.78
"2024-01-01 00:00:00","2024-01-01 03:00:00","DSWRF","surface",-122.25,40.75,6.48
"2024-01-01 00:00:00","2024-01-01 03:00:00","DSWRF","surface",-122,40.75,6.4
"2024-01-01 00:00:00","2024-01-01 03:00:00","DSWRF","surface",-121.75,40.75,5.94
"2024-01-01 00:00:00","2024-01-01 03:00:00","DSWRF","surface",-121.5,40.75,5.54
"2024-01-01 00:00:00","2024-01-01 03:00:00","DSWRF","surface",-121.25,40.75,4.82
"2024-01-01 00:00:00","2024-01-01 03:00:00","DSWRF","surface",-121,40.75,4.46
"2024-01-01 00:00:00","2024-01-01 03:00:00","DSWRF","surface",-120.75,40.75,4.4
"2024-01-01 00:00:00","2024-01-01 03:00:00","DSWRF","surface",-120.5,40.75,4.18
"2024-01-01 00:00:00","2024-01-01 03:00:00","DSWRF","surface",-120.25,40.75,3.88
"2024-01-01 00:00:00","2024-01-01 03:00:00","DSWRF","surface",-120,40.75,3.62
"2024-01-01 00:00:00","2024-01-01 03:00:00","DSWRF","surface",-124,41,9.9
"2024-01-01 00:00:00","2024-01-01 03:00:00","DSWRF","surface",-123.75,41,9.62
"2024-01-01 00:00:00","2024-01-01 03:00:00","DSWRF","surface",-123.5,41,8.62
"2024-01-01 00:00:00","2024-01-01 03:00:00","DSWRF","surface",-123.25,41,7.96
"2024-01-01 00:00:00","2024-01-01 03:00:00","DSWRF","surface",-123,41,6.68
"2024-01-01 00:00:00","2024-01-01 03:00:00","DSWRF","surface",-122.75,41,6.3
"2024-01-01 00:00:00","2024-01-01 03:00:00","DSWRF","surface",-122.5,41,6.34
"2024-01-01 00:00:00","2024-01-01 03:00:00","DSWRF","surface",-122.25,41,6.24
"2024-01-01 00:00:00","2024-01-01 03:00:00","DSWRF","surface",-122,41,5.58
"2024-01-01 00:00:00","2024-01-01 03:00:00","DSWRF","surface",-121.75,41,5.66
"2024-01-01 00:00:00","2024-01-01 03:00:00","DSWRF","surface",-121.5,41,5.28
"2024-01-01 00:00:00","2024-01-01 03:00:00","DSWRF","surface",-121.25,41,5.04
"2024-01-01 00:00:00","2024-01-01 03:00:00","DSWRF","surface",-121,41,4.68
"2024-01-01 00:00:00","2024-01-01 03:00:00","DSWRF","surface",-120.75,41,4.5
"2024-01-01 00:00:00","2024-01-01 03:00:00","DSWRF","surface",-120.5,41,4.08
"2024-01-01 00:00:00","2024-01-01 03:00:00","DSWRF","surface",-120.25,41,3.7
"2024-01-01 00:00:00","2024-01-01 03:00:00","DSWRF","surface",-120,41,3.56
"2024-01-01 00:00:00","2024-01-01 03:00:00","DSWRF","surface",-124,41.25,9
"2024-01-01 00:00:00","2024-01-01 03:00:00","DSWRF","surface",-123.75,41.25,8.8
"2024-01-01 00:00:00","2024-01-01 03:00:00","DSWRF","surface",-123.5,41.25,8.2
"2024-01-01 00:00:00","2024-01-01 03:00:00","DSWRF","surface",-123.25,41.25,7.64
"2024-01-01 00:00:00","2024-01-01 03:00:00","DSWRF","surface",-123,41.25,7.04
"2024-01-01 00:00:00","2024-01-01 03:00:00","DSWRF","surface",-122.75,41.25,6.58
"2024-01-01 00:00:00","2024-01-01 03:00:00","DSWRF","surface",-122.5,41.25,5.6
"2024-01-01 00:00:00","2024-01-01 03:00:00","DSWRF","surface",-122.25,41.25,5.82
"2024-01-01 00:00:00","2024-01-01 03:00:00","DSWRF","surface",-122,41.25,5.36
"2024-01-01 00:00:00","2024-01-01 03:00:00","DSWRF","surface",-121.75,41.25,5.5
"2024-01-01 00:00:00","2024-01-01 03:00:00","DSWRF","surface",-121.5,41.25,4.92
"2024-01-01 00:00:00","2024-01-01 03:00:00","DSWRF","surface",-121.25,41.25,4.66
"2024-01-01 00:00:00","2024-01-01 03:00:00","DSWRF","surface",-121,41.25,4.5
"2024-01-01 00:00:00","2024-01-01 03:00:00","DSWRF","surface",-120.75,41.25,4.38
"2024-01-01 00:00:00","2024-01-01 03:00:00","DSWRF","surface",-120.5,41.25,4.06
"2024-01-01 00:00:00","2024-01-01 03:00:00","DSWRF","surface",-120.25,41.25,3.68
"2024-01-01 00:00:00","2024-01-01 03:00:00","DSWRF","surface",-120,41.25,3.56
"2024-01-01 00:00:00","2024-01-01 03:00:00","DSWRF","surface",-124,41.5,8
"2024-01-01 00:00:00","2024-01-01 03:00:00","DSWRF","surface",-123.75,41.5,8.2
"2024-01-01 00:00:00","2024-01-01 03:00:00","DSWRF","surface",-123.5,41.5,7.9
"2024-01-01 00:00:00","2024-01-01 03:00:00","DSWRF","surface",-123.25,41.5,7.52
"2024-01-01 00:00:00","2024-01-01 03:00:00","DSWRF","surface",-123,41.5,6.4
"2024-01-01 00:00:00","2024-01-01 03:00:00","DSWRF","surface",-122.75,41.5,5.98
"2024-01-01 00:00:00","2024-01-01 03:00:00","DSWRF","surface",-122.5,41.5,5.84
"2024-01-01 00:00:00","2024-01-01 03:00:00","DSWRF","surface",-122.25,41.5,5.52
"2024-01-01 00:00:00","2024-01-01 03:00:00","DSWRF","surface",-122,41.5,5.38
"2024-01-01 00:00:00","2024-01-01 03:00:00","DSWRF","surface",-121.75,41.5,5.02
"2024-01-01 00:00:00","2024-01-01 03:00:00","DSWRF","surface",-121.5,41.5,4.88
"2024-01-01 00:00:00","2024-01-01 03:00:00","DSWRF","surface",-121.25,41.5,4.34
"2024-01-01 00:00:00","2024-01-01 03:00:00","DSWRF","surface",-121,41.5,4.2
"2024-01-01 00:00:00","2024-01-01 03:00:00","DSWRF","surface",-120.75,41.5,4.12
"2024-01-01 00:00:00","2024-01-01 03:00:00","DSWRF","surface",-120.5,41.5,3.92
"2024-01-01 00:00:00","2024-01-01 03:00:00","DSWRF","surface",-120.25,41.5,3.58
"2024-01-01 00:00:00","2024-01-01 03:00:00","DSWRF","surface",-120,41.5,3.3
"2024-01-01 00:00:00","2024-01-01 03:00:00","DSWRF","surface",-124,41.75,7.54
"2024-01-01 00:00:00","2024-01-01 03:00:00","DSWRF","surface",-123.75,41.75,7.56
"2024-01-01 00:00:00","2024-01-01 03:00:00","DSWRF","surface",-123.5,41.75,7.46
"2024-01-01 00:00:00","2024-01-01 03:00:00","DSWRF","surface",-123.25,41.75,6.7
"2024-01-01 00:00:00","2024-01-01 03:00:00","DSWRF","surface",-123,41.75,6.44
"2024-01-01 00:00:00","2024-01-01 03:00:00","DSWRF","surface",-122.75,41.75,5.46
"2024-01-01 00:00:00","2024-01-01 03:00:00","DSWRF","surface",-122.5,41.75,5.52
"2024-01-01 00:00:00","2024-01-01 03:00:00","DSWRF","surface",-122.25,41.75,5.24
"2024-01-01 00:00:00","2024-01-01 03:00:00","DSWRF","surface",-122,41.75,4.82
"2024-01-01 00:00:00","2024-01-01 03:00:00","DSWRF","surface",-121.75,41.75,4.76
"2024-01-01 00:00:00","2024-01-01 03:00:00","DSWRF","surface",-121.5,41.75,4.68
"2024-01-01 00:00:00","2024-01-01 03:00:00","DSWRF","surface",-121.25,41.75,4.22
"2024-01-01 00:00:00","2024-01-01 03:00:00","DSWRF","surface",-121,41.75,3.98
"2024-01-01 00:00:00","2024-01-01 03:00:00","DSWRF","surface",-120.75,41.75,3.92
"2024-01-01 00:00:00","2024-01-01 03:00:00","DSWRF","surface",-120.5,41.75,3.7
"2024-01-01 00:00:00","2024-01-01 03:00:00","DSWRF","surface",-120.25,41.75,3.42
"2024-01-01 00:00:00","2024-01-01 03:00:00","DSWRF","surface",-120,41.75,3.28
