datetime,carbon_intensity_actual,avg_carbon_intensity_forecast
2026-05-22T00:00:00.000000000,268.46856,266.68788
2026-05-22T01:00:00.000000000,269.5706,264.61451
2026-05-22T02:00:00.000000000,272.22285,263.39756
2026-05-22T03:00:00.000000000,274.94313,262.7501
2026-05-22T04:00:00.000000000,266.47341,262.16373
2026-05-22T05:00:00.000000000,251.02759,262.84632
2026-05-22T06:00:00.000000000,247.53839,262.56356
2026-05-22T07:00:00.000000000,246.93962,262.26418
2026-05-22T08:00:00.000000000,243.38324,262.80783
2026-05-22T09:00:00.000000000,240.06071,263.5795
2026-05-22T10:00:00.000000000,243.00518,264.59397
2026-05-22T11:00:00.000000000,248.39829,264.80176
2026-05-22T12:00:00.000000000,246.75142,264.85559
2026-05-22T13:00:00.000000000,250.4452,264.47914
2026-05-22T14:00:00.000000000,254.08612,264.12007
2026-05-22T15:00:00.000000000,258.00245,264.73209
2026-05-22T16:00:00.000000000,264.47785,263.92862
2026-05-22T17:00:00.000000000,269.33766,263.15493
2026-05-22T18:00:00.000000000,275.20405,262.6854
2026-05-22T19:00:00.000000000,270.12659,262.54358
2026-05-22T20:00:00.000000000,262.92355,262.73245
2026-05-22T21:00:00.000000000,261.34084,262.49093
2026-05-22T22:00:00.000000000,259.37375,263.14123
2026-05-22T23:00:00.000000000,259.77644,262.88799
2026-05-23T00:00:00.000000000,263.8888,265.88249
2026-05-23T01:00:00.000000000,254.92602,263.59403
2026-05-23T02:00:00.000000000,249.42856,262.97416
2026-05-23T03:00:00.000000000,249.93511,262.5166
2026-05-23T04:00:00.000000000,247.84605,262.48074
2026-05-23T05:00:00.000000000,240.0482,263.39496
2026-05-23T06:00:00.000000000,240.0482,263.22277
2026-05-23T07:00:00.000000000,246.93962,262.58458
2026-05-23T08:00:00.000000000,243.38324,263.33918
2026-05-23T09:00:00.000000000,240.06071,264.01959
2026-05-23T10:00:00.000000000,243.00518,264.83187
2026-05-23T11:00:00.000000000,248.39829,264.42405
2026-05-23T12:00:00.000000000,246.75142,264.53909
2026-05-23T13:00:00.000000000,250.4452,264.02959
2026-05-23T14:00:00.000000000,254.08612,263.26046
2026-05-23T15:00:00.000000000,258.00245,263.8382
2026-05-23T16:00:00.000000000,264.47785,263.39106
2026-05-23T17:00:00.000000000,269.33766,262.69493
2026-05-23T18:00:00.000000000,275.20405,262.6725
2026-05-23T19:00:00.000000000,270.12659,262.4241
2026-05-23T20:00:00.000000000,262.92355,262.68831
2026-05-23T21:00:00.000000000,261.34084,262.40433
2026-05-23T22:00:00.000000000,259.37375,262.88774
2026-05-23T23:00:00.000000000,259.77644,262.27595
2026-05-24T00:00:00.000000000,263.8888,265.07237
2026-05-24T01:00:00.000000000,254.92602,262.92512
2026-05-24T02:00:00.000000000,249.42856,262.30672
2026-05-24T03:00:00.000000000,249.93511,261.59028
2026-05-24T04:00:00.000000000,247.84605,261.37676
2026-05-24T05:00:00.000000000,240.0482,262.05001
2026-05-24T06:00:00.000000000,223.19098,261.6842
2026-05-24T07:00:00.000000000,218.74481,260.84576
2026-05-24T08:00:00.000000000,213.58772,261.5993
2026-05-24T09:00:00.000000000,211.6045,262.343
2026-05-24T10:00:00.000000000,210.80266,263.34272
2026-05-24T11:00:00.000000000,210.64376,263.05517
2026-05-24T12:00:00.000000000,213.23223,263.26626
2026-05-24T13:00:00.000000000,218.36763,262.78077
2026-05-24T14:00:00.000000000,226.06503,261.95486
2026-05-24T15:00:00.000000000,226.71096,262.30398
2026-05-24T16:00:00.000000000,226.71712,261.70935
2026-05-24T17:00:00.000000000,224.03743,260.77886
2026-05-24T18:00:00.000000000,226.53709,260.59598
2026-05-24T19:00:00.000000000,220.05167,260.29559
2026-05-24T20:00:00.000000000,218.41245,260.63564
2026-05-24T21:00:00.000000000,217.55725,260.63757
2026-05-24T22:00:00.000000000,217.02272,261.46028
2026-05-24T23:00:00.000000000,220.00737,261.09454
2026-05-25T00:00:00.000000000,221.39857,265.70905
2026-05-25T01:00:00.000000000,231.02824,263.59903
2026-05-25T02:00:00.000000000,236.90468,262.92982
2026-05-25T03:00:00.000000000,233.8416,262.29332
2026-05-25T04:00:00.000000000,233.55428,262.05641
2026-05-25T05:00:00.000000000,224.85644,262.76824
2026-05-25T06:00:00.000000000,220.83258,262.41919
2026-05-25T07:00:00.000000000,188.862,261.66411
2026-05-25T08:00:00.000000000,195.50188,262.38854
2026-05-25T09:00:00.000000000,197.84166,263.15338
2026-05-25T10:00:00.000000000,198.14885,264.1586
2026-05-25T11:00:00.000000000,197.46406,263.93437
2026-05-25T12:00:00.000000000,196.82954,264.14957
2026-05-25T13:00:00.000000000,205.03288,263.64401
2026-05-25T14:00:00.000000000,220.86248,262.85141
2026-05-25T15:00:00.000000000,228.05365,263.25222
2026-05-25T16:00:00.000000000,230.9938,262.59197
2026-05-25T17:00:00.000000000,235.44942,261.62466
2026-05-25T18:00:00.000000000,236.72361,261.37716
2026-05-25T19:00:00.000000000,235.22622,261.03314
2026-05-25T20:00:00.000000000,228.17949,261.3245
2026-05-25T21:00:00.000000000,226.98765,261.2586
2026-05-25T22:00:00.000000000,225.97928,262.05067
2026-05-25T23:00:00.000000000,226.66983,261.71679
2026-05-26T00:00:00.000000000,225.30153,268.50837
2026-05-26T01:00:00.000000000,226.87068,266.25635
2026-05-26T02:00:00.000000000,232.43242,265.54336
2026-05-26T03:00:00.000000000,228.62348,265.15805
2026-05-26T04:00:00.000000000,224.83136,265.02531
2026-05-26T05:00:00.000000000,214.0928,265.87223
2026-05-26T06:00:00.000000000,209.30743,265.598
2026-05-26T07:00:00.000000000,206.36529,264.91524
2026-05-26T08:00:00.000000000,205.54198,265.60434
2026-05-26T09:00:00.000000000,205.49612,266.39599
2026-05-26T10:00:00.000000000,211.01195,267.36506
2026-05-26T11:00:00.000000000,222.94959,267.18847
2026-05-26T12:00:00.000000000,227.74495,267.50026
2026-05-26T13:00:00.000000000,238.61253,267.0671
2026-05-26T14:00:00.000000000,240.35045,266.33233
2026-05-26T15:00:00.000000000,238.37319,266.94504
2026-05-26T16:00:00.000000000,236.36124,266.34293
2026-05-26T17:00:00.000000000,237.20683,265.40675
2026-05-26T18:00:00.000000000,238.26369,265.17282
2026-05-26T19:00:00.000000000,236.34654,264.6801
2026-05-26T20:00:00.000000000,234.78429,264.82002
2026-05-26T21:00:00.000000000,234.48161,264.51509
2026-05-26T22:00:00.000000000,234.17063,265.1232
2026-05-26T23:00:00.000000000,236.19999,264.6379
2026-05-27T00:00:00.000000000,237.49654,270.79366
2026-05-27T01:00:00.000000000,242.49295,268.30331
2026-05-27T02:00:00.000000000,246.35013,267.44393
2026-05-27T03:00:00.000000000,247.00077,267.15533
2026-05-27T04:00:00.000000000,246.89212,267.03932
2026-05-27T05:00:00.000000000,246.84911,267.9941
2026-05-27T06:00:00.000000000,239.00489,267.83306
2026-05-27T07:00:00.000000000,226.11854,267.24381
2026-05-27T08:00:00.000000000,218.7166,267.95126
2026-05-27T09:00:00.000000000,216.38571,268.87516
2026-05-27T10:00:00.000000000,224.41234,269.78927
2026-05-27T11:00:00.000000000,228.87464,269.61558
2026-05-27T12:00:00.000000000,239.27017,269.96532
2026-05-27T13:00:00.000000000,245.89149,269.47376
2026-05-27T14:00:00.000000000,243.57576,268.68499
2026-05-27T15:00:00.000000000,243.29626,269.39566
2026-05-27T16:00:00.000000000,247.27583,268.85572
2026-05-27T17:00:00.000000000,250.11358,267.98668
2026-05-27T18:00:00.000000000,248.17675,267.83321
2026-05-27T19:00:00.000000000,245.13999,267.38296
2026-05-27T20:00:00.000000000,245.02653,267.49322
2026-05-27T21:00:00.000000000,247.28402,267.0854
2026-05-27T22:00:00.000000000,248.50832,267.6059
2026-05-27T23:00:00.000000000,251.51928,266.99122
2026-05-28T00:00:00.000000000,252.22491,272.19897
2026-05-28T01:00:00.000000000,255.71693,269.57582
2026-05-28T02:00:00.000000000,259.7549,268.57987
2026-05-28T03:00:00.000000000,253.70804,268.25356
2026-05-28T04:00:00.000000000,250.3385,268.07961
2026-05-28T05:00:00.000000000,247.62661,269.02674
2026-05-28T06:00:00.000000000,246.00118,268.88866
2026-05-28T07:00:00.000000000,236.54249,268.33617
2026-05-28T08:00:00.000000000,230.76471,269.05367
2026-05-28T09:00:00.000000000,227.02561,270.07829
2026-05-28T10:00:00.000000000,222.84438,271.01102
2026-05-28T11:00:00.000000000,236.18373,270.87857
2026-05-28T12:00:00.000000000,247.97326,271.25428
2026-05-28T13:00:00.000000000,251.17919,270.72264
2026-05-28T14:00:00.000000000,250.24504,269.8845
2026-05-28T15:00:00.000000000,249.93449,270.58714
2026-05-28T16:00:00.000000000,253.47164,270.03798
2026-05-28T17:00:00.000000000,253.14131,269.16954
2026-05-28T18:00:00.000000000,249.17925,269.02105
2026-05-28T19:00:00.000000000,249.23311,268.61657
2026-05-28T20:00:00.000000000,250.45963,268.74753
2026-05-28T21:00:00.000000000,250.88663,268.3822
2026-05-28T22:00:00.000000000,253.68284,268.94991
2026-05-28T23:00:00.000000000,256.4037,268.33296
2026-05-23T00:00:00.000000000,263.8888,254.62444
2026-05-23T01:00:00.000000000,254.92602,253.08564
2026-05-23T02:00:00.000000000,249.42856,252.41065
2026-05-23T03:00:00.000000000,249.93511,251.84617
2026-05-23T04:00:00.000000000,247.84605,251.56942
2026-05-23T05:00:00.000000000,240.0482,252.51185
2026-05-23T06:00:00.000000000,240.0482,252.59517
2026-05-23T07:00:00.000000000,246.93962,252.61974
2026-05-23T08:00:00.000000000,243.38324,253.25671
2026-05-23T09:00:00.000000000,240.06071,253.64331
2026-05-23T10:00:00.000000000,243.00518,254.16826
2026-05-23T11:00:00.000000000,248.39829,253.95386
2026-05-23T12:00:00.000000000,246.75142,253.49768
2026-05-23T13:00:00.000000000,250.4452,252.98661
2026-05-23T14:00:00.000000000,254.08612,252.94554
2026-05-23T15:00:00.000000000,258.00245,253.59545
2026-05-23T16:00:00.000000000,264.47785,253.06078
2026-05-23T17:00:00.000000000,269.33766,252.90554
2026-05-23T18:00:00.000000000,275.20405,252.68602
2026-05-23T19:00:00.000000000,270.12659,253.00822
2026-05-23T20:00:00.000000000,262.92355,253.1879
2026-05-23T21:00:00.000000000,261.34084,252.49667
2026-05-23T22:00:00.000000000,259.37375,252.38678
2026-05-23T23:00:00.000000000,259.77644,251.76411
2026-05-24T00:00:00.000000000,263.8888,242.36317
2026-05-24T01:00:00.000000000,254.92602,241.91411
2026-05-24T02:00:00.000000000,249.42856,241.84082
2026-05-24T03:00:00.000000000,249.93511,241.25706
2026-05-24T04:00:00.000000000,247.84605,240.91128
2026-05-24T05:00:00.000000000,240.0482,241.76503
2026-05-24T06:00:00.000000000,223.19098,241.48901
2026-05-24T07:00:00.000000000,218.74481,240.98504
2026-05-24T08:00:00.000000000,213.58772,241.05799
2026-05-24T09:00:00.000000000,211.6045,240.71733
2026-05-24T10:00:00.000000000,210.80266,240.61716
2026-05-24T11:00:00.000000000,210.64376,239.956
2026-05-24T12:00:00.000000000,213.23223,239.47299
2026-05-24T13:00:00.000000000,218.36763,238.73059
2026-05-24T14:00:00.000000000,226.06503,239.13895
2026-05-24T15:00:00.000000000,226.71096,239.89594
2026-05-24T16:00:00.000000000,226.71712,239.60403
2026-05-24T17:00:00.000000000,224.03743,239.35764
2026-05-24T18:00:00.000000000,226.53709,239.12084
2026-05-24T19:00:00.000000000,220.05167,239.67831
2026-05-24T20:00:00.000000000,218.41245,240.11914
2026-05-24T21:00:00.000000000,217.55725,239.57734
2026-05-24T22:00:00.000000000,217.02272,239.50083
2026-05-24T23:00:00.000000000,220.00737,239.29008
2026-05-25T00:00:00.000000000,221.39857,228.93618
2026-05-25T01:00:00.000000000,231.02824,229.50911
2026-05-25T02:00:00.000000000,236.90468,230.13002
2026-05-25T03:00:00.000000000,233.8416,229.57227
2026-05-25T04:00:00.000000000,233.55428,229.38856
2026-05-25T05:00:00.000000000,224.85644,230.36116
2026-05-25T06:00:00.000000000,220.83258,230.17073
2026-05-25T07:00:00.000000000,188.862,229.55077
2026-05-25T08:00:00.000000000,195.50188,229.58021
2026-05-25T09:00:00.000000000,197.84166,228.896
2026-05-25T10:00:00.000000000,198.14885,228.36735
2026-05-25T11:00:00.000000000,197.46406,227.31853
2026-05-25T12:00:00.000000000,196.82954,226.71397
2026-05-25T13:00:00.000000000,205.03288,225.63928
2026-05-25T14:00:00.000000000,220.86248,226.15573
2026-05-25T15:00:00.000000000,228.05365,226.77248
2026-05-25T16:00:00.000000000,230.9938,226.49324
2026-05-25T17:00:00.000000000,235.44942,226.07424
2026-05-25T18:00:00.000000000,236.72361,225.77365
2026-05-25T19:00:00.000000000,235.22622,226.44582
2026-05-25T20:00:00.000000000,228.17949,226.9938
2026-05-25T21:00:00.000000000,226.98765,226.4243
2026-05-25T22:00:00.000000000,225.97928,226.14021
2026-05-25T23:00:00.000000000,226.66983,226.13554
2026-05-26T00:00:00.000000000,225.30153,220.98902
2026-05-26T01:00:00.000000000,226.87068,222.17816
2026-05-26T02:00:00.000000000,232.43242,223.27936
2026-05-26T03:00:00.000000000,228.62348,222.75292
2026-05-26T04:00:00.000000000,224.83136,222.70844
2026-05-26T05:00:00.000000000,214.0928,223.74245
2026-05-26T06:00:00.000000000,209.30743,223.62605
2026-05-26T07:00:00.000000000,206.36529,222.9639
2026-05-26T08:00:00.000000000,205.54198,223.05915
2026-05-26T09:00:00.000000000,205.49612,222.17676
2026-05-26T10:00:00.000000000,211.01195,221.53306
2026-05-26T11:00:00.000000000,222.94959,220.37184
2026-05-26T12:00:00.000000000,227.74495,219.68992
2026-05-26T13:00:00.000000000,238.61253,218.54019
2026-05-26T14:00:00.000000000,240.35045,219.1468
2026-05-26T15:00:00.000000000,238.37319,219.62538
2026-05-26T16:00:00.000000000,236.36124,219.2934
2026-05-26T17:00:00.000000000,237.20683,218.76344
2026-05-26T18:00:00.000000000,238.26369,218.30478
2026-05-26T19:00:00.000000000,236.34654,218.87423
2026-05-26T20:00:00.000000000,234.78429,219.37689
2026-05-26T21:00:00.000000000,234.48161,218.76204
2026-05-26T22:00:00.000000000,234.17063,218.28482
2026-05-26T23:00:00.000000000,236.19999,218.35518
2026-05-27T00:00:00.000000000,237.49654,213.96993
2026-05-27T01:00:00.000000000,242.49295,215.64024
2026-05-27T02:00:00.000000000,246.35013,217.12435
2026-05-27T03:00:00.000000000,247.00077,216.52839
2026-05-27T04:00:00.000000000,246.89212,216.56939
2026-05-27T05:00:00.000000000,246.84911,217.60294
2026-05-27T06:00:00.000000000,239.00489,217.55506
2026-05-27T07:00:00.000000000,226.11854,216.79267
2026-05-27T08:00:00.000000000,218.7166,216.98746
2026-05-27T09:00:00.000000000,216.38571,215.95754
2026-05-27T10:00:00.000000000,224.41234,215.28031
2026-05-27T11:00:00.000000000,228.87464,214.00647
2026-05-27T12:00:00.000000000,239.27017,213.27633
2026-05-27T13:00:00.000000000,245.89149,212.05843
2026-05-27T14:00:00.000000000,243.57576,212.67011
2026-05-27T15:00:00.000000000,243.29626,212.93345
2026-05-27T16:00:00.000000000,247.27583,212.55568
2026-05-27T17:00:00.000000000,250.11358,211.86847
2026-05-27T18:00:00.000000000,248.17675,211.2655
2026-05-27T19:00:00.000000000,245.13999,211.75235
2026-05-27T20:00:00.000000000,245.02653,212.28863
2026-05-27T21:00:00.000000000,247.28402,211.75693
2026-05-27T22:00:00.000000000,248.50832,211.18646
2026-05-27T23:00:00.000000000,251.51928,211.33988
2026-05-28T00:00:00.000000000,252.22491,207.95927
2026-05-28T01:00:00.000000000,255.71693,210.05403
2026-05-28T02:00:00.000000000,259.7549,211.91864
2026-05-28T03:00:00.000000000,253.70804,211.26761
2026-05-28T04:00:00.000000000,250.3385,211.4245
2026-05-28T05:00:00.000000000,247.62661,212.43533
2026-05-28T06:00:00.000000000,246.00118,212.41823
2026-05-28T07:00:00.000000000,236.54249,211.5022
2026-05-28T08:00:00.000000000,230.76471,211.76795
2026-05-28T09:00:00.000000000,227.02561,210.52208
2026-05-28T10:00:00.000000000,222.84438,209.83179
2026-05-28T11:00:00.000000000,236.18373,208.41233
2026-05-28T12:00:00.000000000,247.97326,207.67826
2026-05-28T13:00:00.000000000,251.17919,206.4851
2026-05-28T14:00:00.000000000,250.24504,207.12025
2026-05-28T15:00:00.000000000,249.93449,207.22655
2026-05-28T16:00:00.000000000,253.47164,206.85514
2026-05-28T17:00:00.000000000,253.14131,206.0216
2026-05-28T18:00:00.000000000,249.17925,205.32226
2026-05-28T19:00:00.000000000,249.23311,205.66693
2026-05-28T20:00:00.000000000,250.45963,206.24698
2026-05-28T21:00:00.000000000,250.88663,205.78081
2026-05-28T22:00:00.000000000,253.68284,205.08653
2026-05-28T23:00:00.000000000,256.4037,205.27605
2026-05-29T00:00:00.000000000,260.25347,203.57905
2026-05-29T01:00:00.000000000,263.4795,205.96486
2026-05-29T02:00:00.000000000,267.67237,208.10759
2026-05-29T03:00:00.000000000,266.72467,207.39227
2026-05-29T04:00:00.000000000,258.08254,207.6366
2026-05-29T05:00:00.000000000,247.63275,208.61254
2026-05-29T06:00:00.000000000,246.90579,208.61329
2026-05-29T07:00:00.000000000,241.58685,207.55374
2026-05-29T08:00:00.000000000,236.41832,207.88318
2026-05-29T09:00:00.000000000,234.78054,206.46642
2026-05-29T10:00:00.000000000,234.59897,205.78966
2026-05-29T11:00:00.000000000,238.29494,204.24494
2026-05-29T12:00:00.000000000,241.78478,203.5135
2026-05-29T13:00:00.000000000,245.30977,202.36418
2026-05-29T14:00:00.000000000,247.90087,202.9991
2026-05-29T15:00:00.000000000,246.66132,202.97116
2026-05-29T16:00:00.000000000,249.19777,202.61746
2026-05-29T17:00:00.000000000,250.83409,201.66446
2026-05-29T18:00:00.000000000,243.68604,200.9032
2026-05-29T19:00:00.000000000,238.90833,201.13252
2026-05-29T20:00:00.000000000,234.84946,201.76778
2026-05-29T21:00:00.000000000,232.67856,201.37761
2026-05-29T22:00:00.000000000,236.59094,200.60039
2026-05-29T23:00:00.000000000,238.05773,200.80809
2026-05-24T00:00:00.000000000,263.8888,252.42248
2026-05-24T01:00:00.000000000,254.92602,251.07941
2026-05-24T02:00:00.000000000,249.42856,250.48502
2026-05-24T03:00:00.000000000,249.93511,249.83718
2026-05-24T04:00:00.000000000,247.84605,249.4955
2026-05-24T05:00:00.000000000,240.0482,250.35387
2026-05-24T06:00:00.000000000,223.19098,250.37317
2026-05-24T07:00:00.000000000,218.74481,250.35421
2026-05-24T08:00:00.000000000,213.58772,250.99045
2026-05-24T09:00:00.000000000,211.6045,251.31754
2026-05-24T10:00:00.000000000,210.80266,251.86671
2026-05-24T11:00:00.000000000,210.64376,251.67493
2026-05-24T12:00:00.000000000,213.23223,251.13594
2026-05-24T13:00:00.000000000,218.36763,250.63295
2026-05-24T14:00:00.000000000,226.06503,250.60749
2026-05-24T15:00:00.000000000,226.71096,251.13752
2026-05-24T16:00:00.000000000,226.71712,250.53064
2026-05-24T17:00:00.000000000,224.03743,250.32672
2026-05-24T18:00:00.000000000,226.53709,250.03807
2026-05-24T19:00:00.000000000,220.05167,250.40151
2026-05-24T20:00:00.000000000,218.41245,250.63062
2026-05-24T21:00:00.000000000,217.55725,250.03645
2026-05-24T22:00:00.000000000,217.02272,250.00906
2026-05-24T23:00:00.000000000,220.00737,249.51221
2026-05-25T00:00:00.000000000,221.39857,247.78011
2026-05-25T01:00:00.000000000,231.02824,247.19327
2026-05-25T02:00:00.000000000,236.90468,246.91898
2026-05-25T03:00:00.000000000,233.8416,246.22331
2026-05-25T04:00:00.000000000,233.55428,245.66968
2026-05-25T05:00:00.000000000,224.85644,246.25717
2026-05-25T06:00:00.000000000,220.83258,245.78646
2026-05-25T07:00:00.000000000,188.862,245.34481
2026-05-25T08:00:00.000000000,195.50188,245.62485
2026-05-25T09:00:00.000000000,197.84166,245.5523
2026-05-25T10:00:00.000000000,198.14885,246.16674
2026-05-25T11:00:00.000000000,197.46406,246.17059
2026-05-25T12:00:00.000000000,196.82954,245.73264
2026-05-25T13:00:00.000000000,205.03288,245.40342
2026-05-25T14:00:00.000000000,220.86248,245.73988
2026-05-25T15:00:00.000000000,228.05365,246.18874
2026-05-25T16:00:00.000000000,230.9938,245.4085
2026-05-25T17:00:00.000000000,235.44942,244.86051
2026-05-25T18:00:00.000000000,236.72361,244.13289
2026-05-25T19:00:00.000000000,235.22622,244.20185
2026-05-25T20:00:00.000000000,228.17949,244.39776
2026-05-25T21:00:00.000000000,226.98765,244.02251
2026-05-25T22:00:00.000000000,225.97928,244.30662
2026-05-25T23:00:00.000000000,226.66983,244.33211
2026-05-26T00:00:00.000000000,225.30153,238.45495
2026-05-26T01:00:00.000000000,226.87068,238.30041
2026-05-26T02:00:00.000000000,232.43242,238.47501
2026-05-26T03:00:00.000000000,228.62348,237.96826
2026-05-26T04:00:00.000000000,224.83136,237.75162
2026-05-26T05:00:00.000000000,214.0928,238.68657
2026-05-26T06:00:00.000000000,209.30743,238.4939
2026-05-26T07:00:00.000000000,206.36529,238.05313
2026-05-26T08:00:00.000000000,205.54198,238.16055
2026-05-26T09:00:00.000000000,205.49612,237.70657
2026-05-26T10:00:00.000000000,211.01195,237.52236
2026-05-26T11:00:00.000000000,222.94959,236.78795
2026-05-26T12:00:00.000000000,227.74495,236.2307
2026-05-26T13:00:00.000000000,238.61253,235.46634
2026-05-26T14:00:00.000000000,240.35045,235.95657
2026-05-26T15:00:00.000000000,238.37319,236.69696
2026-05-26T16:00:00.000000000,236.36124,236.39703
2026-05-26T17:00:00.000000000,237.20683,236.17617
2026-05-26T18:00:00.000000000,238.26369,235.90384
2026-05-26T19:00:00.000000000,236.34654,236.44073
2026-05-26T20:00:00.000000000,234.78429,236.81259
2026-05-26T21:00:00.000000000,234.48161,236.1291
2026-05-26T22:00:00.000000000,234.17063,235.86189
2026-05-26T23:00:00.000000000,236.19999,235.61902
2026-05-27T00:00:00.000000000,237.49654,229.1446
2026-05-27T01:00:00.000000000,242.49295,229.72385
2026-05-27T02:00:00.000000000,246.35013,230.3763
2026-05-27T03:00:00.000000000,247.00077,229.88403
2026-05-27T04:00:00.000000000,246.89212,229.76469
2026-05-27T05:00:00.000000000,246.84911,230.78169
2026-05-27T06:00:00.000000000,239.00489,230.61083
2026-05-27T07:00:00.000000000,226.11854,230.02157
2026-05-27T08:00:00.000000000,218.7166,230.03115
2026-05-27T09:00:00.000000000,216.38571,229.30866
2026-05-27T10:00:00.000000000,224.41234,228.73795
2026-05-27T11:00:00.000000000,228.87464,227.66934
2026-05-27T12:00:00.000000000,239.27017,227.07986
2026-05-27T13:00:00.000000000,245.89149,226.03055
2026-05-27T14:00:00.000000000,243.57576,226.60436
2026-05-27T15:00:00.000000000,243.29626,227.30916
2026-05-27T16:00:00.000000000,247.27583,227.06684
2026-05-27T17:00:00.000000000,250.11358,226.69534
2026-05-27T18:00:00.000000000,248.17675,226.40775
2026-05-27T19:00:00.000000000,245.13999,227.03551
2026-05-27T20:00:00.000000000,245.02653,227.52567
2026-05-27T21:00:00.000000000,247.28402,226.86721
2026-05-27T22:00:00.000000000,248.50832,226.48807
2026-05-27T23:00:00.000000000,251.51928,226.4229
2026-05-28T00:00:00.000000000,252.22491,220.93251
2026-05-28T01:00:00.000000000,255.71693,222.12439
2026-05-28T02:00:00.000000000,259.7549,223.22696
2026-05-28T03:00:00.000000000,253.70804,222.69722
2026-05-28T04:00:00.000000000,250.3385,222.65099
2026-05-28T05:00:00.000000000,247.62661,223.68324
2026-05-28T06:00:00.000000000,246.00118,223.5668
2026-05-28T07:00:00.000000000,236.54249,222.90269
2026-05-28T08:00:00.000000000,230.76471,222.99952
2026-05-28T09:00:00.000000000,227.02561,222.11784
2026-05-28T10:00:00.000000000,222.84438,221.47561
2026-05-28T11:00:00.000000000,236.18373,220.31432
2026-05-28T12:00:00.000000000,247.97326,219.63169
2026-05-28T13:00:00.000000000,251.17919,218.48034
2026-05-28T14:00:00.000000000,250.24504,219.08467
2026-05-28T15:00:00.000000000,249.93449,219.55807
2026-05-28T16:00:00.000000000,253.47164,219.22445
2026-05-28T17:00:00.000000000,253.14131,218.69156
2026-05-28T18:00:00.000000000,249.17925,218.23123
2026-05-28T19:00:00.000000000,249.23311,218.80185
2026-05-28T20:00:00.000000000,250.45963,219.30685
2026-05-28T21:00:00.000000000,250.88663,218.69625
2026-05-28T22:00:00.000000000,253.68284,218.22227
2026-05-28T23:00:00.000000000,256.4037,218.29543
2026-05-29T00:00:00.000000000,260.25347,213.74426
2026-05-29T01:00:00.000000000,263.4795,215.43135
2026-05-29T02:00:00.000000000,267.67237,216.93071
2026-05-29T03:00:00.000000000,266.72467,216.33106
2026-05-29T04:00:00.000000000,258.08254,216.37534
2026-05-29T05:00:00.000000000,247.63275,217.40558
2026-05-29T06:00:00.000000000,246.90579,217.35634
2026-05-29T07:00:00.000000000,241.58685,216.58486
2026-05-29T08:00:00.000000000,236.41832,216.78133
2026-05-29T09:00:00.000000000,234.78054,215.74173
2026-05-29T10:00:00.000000000,234.59897,215.0654
2026-05-29T11:00:00.000000000,238.29494,213.78607
2026-05-29T12:00:00.000000000,241.78478,213.0571
2026-05-29T13:00:00.000000000,245.30977,211.84157
2026-05-29T14:00:00.000000000,247.90087,212.45356
2026-05-29T15:00:00.000000000,246.66132,212.70916
2026-05-29T16:00:00.000000000,249.19777,212.33132
2026-05-29T17:00:00.000000000,250.83409,211.63679
2026-05-29T18:00:00.000000000,243.68604,211.03026
2026-05-29T19:00:00.000000000,238.90833,211.51122
2026-05-29T20:00:00.000000000,234.84946,212.05075
2026-05-29T21:00:00.000000000,232.67856,211.52379
2026-05-29T22:00:00.000000000,236.59094,210.95165
2026-05-29T23:00:00.000000000,238.05773,211.10838
2026-05-30T00:00:00.000000000,242.89342,207.15687
2026-05-30T01:00:00.000000000,247.81881,209.30626
2026-05-30T02:00:00.000000000,253.63403,211.2237
2026-05-30T03:00:00.000000000,261.00252,210.55862
2026-05-30T04:00:00.000000000,258.31594,210.7302
2026-05-30T05:00:00.000000000,257.41495,211.7309
2026-05-30T06:00:00.000000000,255.46957,211.71314
2026-05-30T07:00:00.000000000,256.41242,210.76584
2026-05-30T08:00:00.000000000,250.38841,211.04173
2026-05-30T09:00:00.000000000,245.62197,209.76191
2026-05-30T10:00:00.000000000,244.19653,209.0762
2026-05-30T11:00:00.000000000,245.50221,207.63385
2026-05-30T12:00:00.000000000,244.90842,206.90199
2026-05-30T13:00:00.000000000,246.41501,205.71927
2026-05-30T14:00:00.000000000,253.97641,206.35373
2026-05-30T15:00:00.000000000,256.04915,206.43247
2026-05-30T16:00:00.000000000,255.64756,206.06388
2026-05-30T17:00:00.000000000,255.04339,205.20613
2026-05-30T18:00:00.000000000,254.48751,204.49552
2026-05-30T19:00:00.000000000,251.74649,204.81827
2026-05-30T20:00:00.000000000,246.91664,205.4105
2026-05-30T21:00:00.000000000,245.72972,204.9615
2026-05-30T22:00:00.000000000,247.24245,204.25658
2026-05-30T23:00:00.000000000,248.54974,204.45227
2026-05-25T00:00:00.000000000,221.39857,211.87469
2026-05-25T01:00:00.000000000,231.02824,213.70036
2026-05-25T02:00:00.000000000,236.90468,215.33222
2026-05-25T03:00:00.000000000,233.8416,214.68667
2026-05-25T04:00:00.000000000,233.55428,214.75341
2026-05-25T05:00:00.000000000,224.85644,215.73776
2026-05-25T06:00:00.000000000,220.83258,215.66211
2026-05-25T07:00:00.000000000,188.862,214.78858
2026-05-25T08:00:00.000000000,195.50188,214.99696
2026-05-25T09:00:00.000000000,197.84166,213.86456
2026-05-25T10:00:00.000000000,198.14885,213.2099
2026-05-25T11:00:00.000000000,197.46406,211.87985
2026-05-25T12:00:00.000000000,196.82954,211.16869
2026-05-25T13:00:00.000000000,205.03288,209.98779
2026-05-25T14:00:00.000000000,220.86248,210.59446
2026-05-25T15:00:00.000000000,228.05365,210.76974
2026-05-25T16:00:00.000000000,230.9938,210.39312
2026-05-25T17:00:00.000000000,235.44942,209.62516
2026-05-25T18:00:00.000000000,236.72361,208.99181
2026-05-25T19:00:00.000000000,235.22622,209.41798
2026-05-25T20:00:00.000000000,228.17949,209.99918
2026-05-25T21:00:00.000000000,226.98765,209.53182
2026-05-25T22:00:00.000000000,225.97928,208.96428
2026-05-25T23:00:00.000000000,226.66983,209.15699
2026-05-26T00:00:00.000000000,225.30153,206.74318
2026-05-26T01:00:00.000000000,226.87068,208.92033
2026-05-26T02:00:00.000000000,232.43242,210.86225
2026-05-26T03:00:00.000000000,228.62348,210.19497
2026-05-26T04:00:00.000000000,224.83136,210.37568
2026-05-26T05:00:00.000000000,214.0928,211.37779
2026-05-26T06:00:00.000000000,209.30743,211.36561
2026-05-26T07:00:00.000000000,206.36529,210.41166
2026-05-26T08:00:00.000000000,205.54198,210.694
2026-05-26T09:00:00.000000000,205.49612,209.40148
2026-05-26T10:00:00.000000000,211.01195,208.7134
2026-05-26T11:00:00.000000000,222.94959,207.26071
2026-05-26T12:00:00.000000000,227.74495,206.52717
2026-05-26T13:00:00.000000000,238.61253,205.34433
2026-05-26T14:00:00.000000000,240.35045,205.98066
2026-05-26T15:00:00.000000000,238.37319,206.05085
2026-05-26T16:00:00.000000000,236.36124,205.68324
2026-05-26T17:00:00.000000000,237.20683,204.81718
2026-05-26T18:00:00.000000000,238.26369,204.1
2026-05-26T19:00:00.000000000,236.34654,204.4135
2026-05-26T20:00:00.000000000,234.78429,205.00734
2026-05-26T21:00:00.000000000,234.48161,204.56051
2026-05-26T22:00:00.000000000,234.17063,203.84323
2026-05-26T23:00:00.000000000,236.19999,204.03879
2026-05-27T00:00:00.000000000,237.49654,203.03522
2026-05-27T01:00:00.000000000,242.49295,205.45607
2026-05-27T02:00:00.000000000,246.35013,207.63328
2026-05-27T03:00:00.000000000,247.00077,206.90888
2026-05-27T04:00:00.000000000,246.89212,207.16438
2026-05-27T05:00:00.000000000,246.84911,208.13531
2026-05-27T06:00:00.000000000,239.00489,208.1383
2026-05-27T07:00:00.000000000,226.11854,207.05954
2026-05-27T08:00:00.000000000,218.7166,207.39763
2026-05-27T09:00:00.000000000,216.38571,205.95911
2026-05-27T10:00:00.000000000,224.41234,205.28509
2026-05-27T11:00:00.000000000,228.87464,203.72373
2026-05-27T12:00:00.000000000,239.27017,202.99276
2026-05-27T13:00:00.000000000,245.89149,201.85022
2026-05-27T14:00:00.000000000,243.57576,202.48425
2026-05-27T15:00:00.000000000,243.29626,202.43884
2026-05-27T16:00:00.000000000,247.27583,202.08813
2026-05-27T17:00:00.000000000,250.11358,201.11985
2026-05-27T18:00:00.000000000,248.17675,200.35137
2026-05-27T19:00:00.000000000,245.13999,200.56575
2026-05-27T20:00:00.000000000,245.02653,201.20893
2026-05-27T21:00:00.000000000,247.28402,200.82941
2026-05-27T22:00:00.000000000,248.50832,200.04186
2026-05-27T23:00:00.000000000,251.51928,200.25115
2026-05-28T00:00:00.000000000,252.22491,198.6448
2026-05-28T01:00:00.000000000,255.71693,201.33679
2026-05-28T02:00:00.000000000,259.7549,203.76769
2026-05-28T03:00:00.000000000,253.70804,202.97745
2026-05-28T04:00:00.000000000,250.3385,203.31332
2026-05-28T05:00:00.000000000,247.62661,204.27215
2026-05-28T06:00:00.000000000,246.00118,204.29717
2026-05-28T07:00:00.000000000,236.54249,203.08905
2026-05-28T08:00:00.000000000,230.76471,203.48838
2026-05-28T09:00:00.000000000,227.02561,201.89878
2026-05-28T10:00:00.000000000,222.84438,201.19422
2026-05-28T11:00:00.000000000,236.18373,199.48978
2026-05-28T12:00:00.000000000,247.97326,198.74919
2026-05-28T13:00:00.000000000,251.17919,197.61647
2026-05-28T14:00:00.000000000,250.24504,198.23636
2026-05-28T15:00:00.000000000,249.93449,198.07417
2026-05-28T16:00:00.000000000,253.47164,197.76294
2026-05-28T17:00:00.000000000,253.14131,196.71923
2026-05-28T18:00:00.000000000,249.17925,195.94074
2026-05-28T19:00:00.000000000,249.23311,196.11217
2026-05-28T20:00:00.000000000,250.45963,196.82325
2026-05-28T21:00:00.000000000,250.88663,196.50804
2026-05-28T22:00:00.000000000,253.68284,195.63043
2026-05-28T23:00:00.000000000,256.4037,195.84326
2026-05-29T00:00:00.000000000,260.25347,193.13122
2026-05-29T01:00:00.000000000,263.4795,196.15268
2026-05-29T02:00:00.000000000,267.67237,198.8592
2026-05-29T03:00:00.000000000,266.72467,198.00188
2026-05-29T04:00:00.000000000,258.08254,198.41554
2026-05-29T05:00:00.000000000,247.63275,199.411
2026-05-29T06:00:00.000000000,246.90579,199.45453
2026-05-29T07:00:00.000000000,241.58685,198.12366
2026-05-29T08:00:00.000000000,236.41832,198.57094
2026-05-29T09:00:00.000000000,234.78054,196.83391
2026-05-29T10:00:00.000000000,234.59897,195.98684
2026-05-29T11:00:00.000000000,238.29494,194.08931
2026-05-29T12:00:00.000000000,241.78478,193.31061
2026-05-29T13:00:00.000000000,245.30977,192.11274
2026-05-29T14:00:00.000000000,247.90087,192.70519
2026-05-29T15:00:00.000000000,246.66132,192.44496
2026-05-29T16:00:00.000000000,249.19777,192.21019
2026-05-29T17:00:00.000000000,250.83409,191.16473
2026-05-29T18:00:00.000000000,243.68604,190.46781
2026-05-29T19:00:00.000000000,238.90833,190.73837
2026-05-29T20:00:00.000000000,234.84946,191.54259
2026-05-29T21:00:00.000000000,232.67856,191.26519
2026-05-29T22:00:00.000000000,236.59094,190.26772
2026-05-29T23:00:00.000000000,238.05773,190.48047
2026-05-30T00:00:00.000000000,242.89342,186.32481
2026-05-30T01:00:00.000000000,247.81881,189.75331
2026-05-30T02:00:00.000000000,253.63403,192.79105
2026-05-30T03:00:00.000000000,261.00252,191.84034
2026-05-30T04:00:00.000000000,258.31594,192.33589
2026-05-30T05:00:00.000000000,257.41495,193.37987
2026-05-30T06:00:00.000000000,255.46957,193.39179
2026-05-30T07:00:00.000000000,256.41242,191.87203
2026-05-30T08:00:00.000000000,250.38841,192.34109
2026-05-30T09:00:00.000000000,245.62197,190.40984
2026-05-30T10:00:00.000000000,244.19653,189.34296
2026-05-30T11:00:00.000000000,245.50221,187.18057
2026-05-30T12:00:00.000000000,244.90842,186.34168
2026-05-30T13:00:00.000000000,246.41501,185.07157
2026-05-30T14:00:00.000000000,253.97641,185.61815
2026-05-30T15:00:00.000000000,256.04915,185.24899
2026-05-30T16:00:00.000000000,255.64756,185.13685
2026-05-30T17:00:00.000000000,255.04339,184.14053
2026-05-30T18:00:00.000000000,254.48751,183.62136
2026-05-30T19:00:00.000000000,251.74649,184.11085
2026-05-30T20:00:00.000000000,246.91664,185.05844
2026-05-30T21:00:00.000000000,245.72972,184.82155
2026-05-30T22:00:00.000000000,247.24245,183.69936
2026-05-30T23:00:00.000000000,248.54974,183.92735
2026-05-31T00:00:00.000000000,251.47857,181.86759
2026-05-31T01:00:00.000000000,244.30179,185.56647
2026-05-31T02:00:00.000000000,236.34482,188.822
2026-05-31T03:00:00.000000000,236.16451,187.80874
2026-05-31T04:00:00.000000000,227.71561,188.35978
2026-05-31T05:00:00.000000000,213.18142,189.43504
2026-05-31T06:00:00.000000000,207.49526,189.40875
2026-05-31T07:00:00.000000000,210.58241,187.7461
2026-05-31T08:00:00.000000000,211.26845,188.21907
2026-05-31T09:00:00.000000000,199.22804,186.1495
2026-05-31T10:00:00.000000000,187.08818,184.9434
2026-05-31T11:00:00.000000000,184.18559,182.59841
2026-05-31T12:00:00.000000000,187.24355,181.71641
2026-05-31T13:00:00.000000000,197.9416,180.42584
2026-05-31T14:00:00.000000000,209.0563,180.9428
2026-05-31T15:00:00.000000000,213.82715,180.50793
2026-05-31T16:00:00.000000000,215.84414,180.48213
2026-05-31T17:00:00.000000000,223.7908,179.51863
2026-05-31T18:00:00.000000000,223.51378,179.12424
2026-05-31T19:00:00.000000000,221.4894,179.75839
2026-05-31T20:00:00.000000000,221.45446,180.80669
2026-05-31T21:00:00.000000000,219.78444,180.59372
2026-05-31T22:00:00.000000000,218.18233,179.38676
2026-05-31T23:00:00.000000000,219.80511,179.62999
2026-05-26T00:00:00.000000000,225.30153,221.18701
2026-05-26T01:00:00.000000000,226.87068,222.36199
2026-05-26T02:00:00.000000000,232.43242,223.45234
2026-05-26T03:00:00.000000000,228.62348,222.92723
2026-05-26T04:00:00.000000000,224.83136,222.88058
2026-05-26T05:00:00.000000000,214.0928,223.91431
2026-05-26T06:00:00.000000000,209.30743,223.79622
2026-05-26T07:00:00.000000000,206.36529,223.13627
2026-05-26T08:00:00.000000000,205.54198,223.22905
2026-05-26T09:00:00.000000000,205.49612,222.35064
2026-05-26T10:00:00.000000000,211.01195,221.70835
2026-05-26T11:00:00.000000000,222.94959,220.54982
2026-05-26T12:00:00.000000000,227.74495,219.86975
2026-05-26T13:00:00.000000000,238.61253,218.72225
2026-05-26T14:00:00.000000000,240.35045,219.32837
2026-05-26T15:00:00.000000000,238.37319,219.81268
2026-05-26T16:00:00.000000000,236.36124,219.48243
2026-05-26T17:00:00.000000000,237.20683,218.95654
2026-05-26T18:00:00.000000000,238.26369,218.50201
2026-05-26T19:00:00.000000000,236.34654,219.07332
2026-05-26T20:00:00.000000000,234.78429,219.57542
2026-05-26T21:00:00.000000000,234.48161,218.95893
2026-05-26T22:00:00.000000000,234.17063,218.4843
2026-05-26T23:00:00.000000000,236.19999,218.5519
2026-05-27T00:00:00.000000000,237.49654,214.13027
2026-05-27T01:00:00.000000000,242.49295,215.78888
2026-05-27T02:00:00.000000000,246.35013,217.26282
2026-05-27T03:00:00.000000000,247.00077,216.66782
2026-05-27T04:00:00.000000000,246.89212,216.70576
2026-05-27T05:00:00.000000000,246.84911,217.73952
2026-05-27T06:00:00.000000000,239.00489,217.69073
2026-05-27T07:00:00.000000000,226.11854,216.93179
2026-05-27T08:00:00.000000000,218.7166,217.12496
2026-05-27T09:00:00.000000000,216.38571,216.10053
2026-05-27T10:00:00.000000000,224.41234,215.42413
2026-05-27T11:00:00.000000000,228.87464,214.1538
2026-05-27T12:00:00.000000000,239.27017,213.42388
2026-05-27T13:00:00.000000000,245.89149,212.20583
2026-05-27T14:00:00.000000000,243.57576,212.8165
2026-05-27T15:00:00.000000000,243.29626,213.0836
2026-05-27T16:00:00.000000000,247.27583,212.70592
2026-05-27T17:00:00.000000000,250.11358,212.02231
2026-05-27T18:00:00.000000000,248.17675,211.42207
2026-05-27T19:00:00.000000000,245.13999,211.91248
2026-05-27T20:00:00.000000000,245.02653,212.44812
2026-05-27T21:00:00.000000000,247.28402,211.91528
2026-05-27T22:00:00.000000000,248.50832,211.3483
2026-05-27T23:00:00.000000000,251.51928,211.50059
2026-05-28T00:00:00.000000000,252.22491,208.07501
2026-05-28T01:00:00.000000000,255.71693,210.16186
2026-05-28T02:00:00.000000000,259.7549,212.01912
2026-05-28T03:00:00.000000000,253.70804,211.36958
2026-05-28T04:00:00.000000000,250.3385,211.5242
2026-05-28T05:00:00.000000000,247.62661,212.53582
2026-05-28T06:00:00.000000000,246.00118,212.51827
2026-05-28T07:00:00.000000000,236.54249,211.60577
2026-05-28T08:00:00.000000000,230.76471,211.86999
2026-05-28T09:00:00.000000000,227.02561,210.62853
2026-05-28T10:00:00.000000000,222.84438,209.93808
2026-05-28T11:00:00.000000000,236.18373,208.52173
2026-05-28T12:00:00.000000000,247.97326,207.78761
2026-05-28T13:00:00.000000000,251.17919,206.59355
2026-05-28T14:00:00.000000000,250.24504,207.22854
2026-05-28T15:00:00.000000000,249.93449,207.33822
2026-05-28T16:00:00.000000000,253.47164,206.96649
2026-05-28T17:00:00.000000000,253.14131,206.13602
2026-05-28T18:00:00.000000000,249.17925,205.43841
2026-05-28T19:00:00.000000000,249.23311,205.786
2026-05-28T20:00:00.000000000,250.45963,206.3648
2026-05-28T21:00:00.000000000,250.88663,205.89685
2026-05-28T22:00:00.000000000,253.68284,205.20479
2026-05-28T23:00:00.000000000,256.4037,205.39368
2026-05-29T00:00:00.000000000,260.25347,203.66822
2026-05-29T01:00:00.000000000,263.4795,206.04827
2026-05-29T02:00:00.000000000,267.67237,208.18534
2026-05-29T03:00:00.000000000,266.72467,207.47149
2026-05-29T04:00:00.000000000,258.08254,207.71401
2026-05-29T05:00:00.000000000,247.63275,208.69075
2026-05-29T06:00:00.000000000,246.90579,208.69114
2026-05-29T07:00:00.000000000,241.58685,207.6347
2026-05-29T08:00:00.000000000,236.41832,207.96274
2026-05-29T09:00:00.000000000,234.78054,206.54954
2026-05-29T10:00:00.000000000,234.59897,205.87235
2026-05-29T11:00:00.000000000,238.29494,204.33033
2026-05-29T12:00:00.000000000,241.78478,203.59881
2026-05-29T13:00:00.000000000,245.30977,202.44843
2026-05-29T14:00:00.000000000,247.90087,203.08347
2026-05-29T15:00:00.000000000,246.66132,203.05838
2026-05-29T16:00:00.000000000,249.19777,202.7042
2026-05-29T17:00:00.000000000,250.83409,201.7537
2026-05-29T18:00:00.000000000,243.68604,200.99364
2026-05-29T19:00:00.000000000,238.90833,201.22539
2026-05-29T20:00:00.000000000,234.84946,201.85937
2026-05-29T21:00:00.000000000,232.67856,201.46747
2026-05-29T22:00:00.000000000,236.59094,200.69195
2026-05-29T23:00:00.000000000,238.05773,200.89938
2026-05-30T00:00:00.000000000,242.89342,197.68293
2026-05-30T01:00:00.000000000,247.81881,200.43261
2026-05-30T02:00:00.000000000,253.63403,202.91218
2026-05-30T03:00:00.000000000,261.00252,202.11106
2026-05-30T04:00:00.000000000,258.31594,202.46144
2026-05-30T05:00:00.000000000,257.41495,203.42651
2026-05-30T06:00:00.000000000,255.46957,203.45733
2026-05-30T07:00:00.000000000,256.41242,202.22955
2026-05-30T08:00:00.000000000,250.38841,202.63889
2026-05-30T09:00:00.000000000,245.62197,201.02377
2026-05-30T10:00:00.000000000,244.19653,200.2967
2026-05-30T11:00:00.000000000,245.50221,198.55981
2026-05-30T12:00:00.000000000,244.90842,197.8131
2026-05-30T13:00:00.000000000,246.41501,196.66907
2026-05-30T14:00:00.000000000,253.97641,197.28505
2026-05-30T15:00:00.000000000,256.04915,197.10529
2026-05-30T16:00:00.000000000,255.64756,196.80598
2026-05-30T17:00:00.000000000,255.04339,195.75943
2026-05-30T18:00:00.000000000,254.48751,194.99132
2026-05-30T19:00:00.000000000,251.74649,195.17517
2026-05-30T20:00:00.000000000,246.91664,195.90092
2026-05-30T21:00:00.000000000,245.72972,195.5922
2026-05-30T22:00:00.000000000,247.24245,194.69249
2026-05-30T23:00:00.000000000,248.54974,194.90457
2026-05-31T00:00:00.000000000,251.47857,185.29092
2026-05-31T01:00:00.000000000,244.30179,188.78189
2026-05-31T02:00:00.000000000,236.34482,191.8701
2026-05-31T03:00:00.000000000,236.16451,190.90497
2026-05-31T04:00:00.000000000,227.71561,191.41328
2026-05-31T05:00:00.000000000,213.18142,192.46454
2026-05-31T06:00:00.000000000,207.49526,192.46891
2026-05-31T07:00:00.000000000,210.58241,190.91745
2026-05-31T08:00:00.000000000,211.26845,191.38819
2026-05-31T09:00:00.000000000,199.22804,189.42567
2026-05-31T10:00:00.000000000,187.08818,188.32611
2026-05-31T11:00:00.000000000,184.18559,186.12206
2026-05-31T12:00:00.000000000,187.24355,185.27342
2026-05-31T13:00:00.000000000,197.9416,183.9966
2026-05-31T14:00:00.000000000,209.0563,184.53629
2026-05-31T15:00:00.000000000,213.82715,184.15145
2026-05-31T16:00:00.000000000,215.84414,184.05888
2026-05-31T17:00:00.000000000,223.7908,183.07015
2026-05-31T18:00:00.000000000,223.51378,182.5793
2026-05-31T19:00:00.000000000,221.4894,183.10225
2026-05-31T20:00:00.000000000,221.45446,184.07266
2026-05-31T21:00:00.000000000,219.78444,183.84151
2026-05-31T22:00:00.000000000,218.18233,182.69987
2026-05-31T23:00:00.000000000,219.80511,182.93101
2026-06-01T00:00:00.000000000,218.68055,181.86759
2026-06-01T01:00:00.000000000,225.6628,185.56647
2026-06-01T02:00:00.000000000,228.27044,188.822
2026-06-01T03:00:00.000000000,230.27836,187.80874
2026-06-01T04:00:00.000000000,228.29951,188.35978
2026-06-01T05:00:00.000000000,220.00723,189.43504
2026-06-01T06:00:00.000000000,215.61494,189.40875
2026-06-01T07:00:00.000000000,214.54322,187.7461
2026-06-01T08:00:00.000000000,214.40489,188.21907
2026-06-01T09:00:00.000000000,215.15556,186.1495
2026-06-01T10:00:00.000000000,217.3113,184.9434
2026-06-01T11:00:00.000000000,222.00449,182.59841
2026-06-01T12:00:00.000000000,225.52989,181.71641
2026-06-01T13:00:00.000000000,228.20948,180.42584
2026-06-01T14:00:00.000000000,230.2973,180.9428
2026-06-01T15:00:00.000000000,229.94419,180.50793
2026-06-01T16:00:00.000000000,228.33437,180.48213
2026-06-01T17:00:00.000000000,226.505,179.51863
2026-06-01T18:00:00.000000000,227.90902,179.12424
2026-06-01T19:00:00.000000000,225.1279,179.75839
2026-06-01T20:00:00.000000000,226.28164,180.80669
2026-06-01T21:00:00.000000000,222.65481,180.59372
2026-06-01T22:00:00.000000000,225.62188,179.38676
2026-06-01T23:00:00.000000000,227.98623,179.62999
2026-05-27T00:00:00.000000000,237.49654,228.79322
2026-05-27T01:00:00.000000000,242.49295,229.39986
2026-05-27T02:00:00.000000000,246.35013,230.07169
2026-05-27T03:00:00.000000000,247.00077,229.57878
2026-05-27T04:00:00.000000000,246.89212,229.46209
2026-05-27T05:00:00.000000000,246.84911,230.48001
2026-05-27T06:00:00.000000000,239.00489,230.31085
2026-05-27T07:00:00.000000000,226.11854,229.7191
2026-05-27T08:00:00.000000000,218.7166,229.7317
2026-05-27T09:00:00.000000000,216.38571,229.00244
2026-05-27T10:00:00.000000000,224.41234,228.42799
2026-05-27T11:00:00.000000000,228.87464,227.35603
2026-05-27T12:00:00.000000000,239.27017,226.76201
2026-05-27T13:00:00.000000000,245.89149,225.70807
2026-05-27T14:00:00.000000000,243.57576,226.28382
2026-05-27T15:00:00.000000000,243.29626,226.97935
2026-05-27T16:00:00.000000000,247.27583,226.73244
2026-05-27T17:00:00.000000000,250.11358,226.3544
2026-05-27T18:00:00.000000000,248.17675,226.05944
2026-05-27T19:00:00.000000000,245.13999,226.68538
2026-05-27T20:00:00.000000000,245.02653,227.17571
2026-05-27T21:00:00.000000000,247.28402,226.51811
2026-05-27T22:00:00.000000000,248.50832,226.13509
2026-05-27T23:00:00.000000000,251.51928,226.07662
2026-05-28T00:00:00.000000000,252.22491,220.62473
2026-05-28T01:00:00.000000000,255.71693,221.83847
2026-05-28T02:00:00.000000000,259.7549,222.9578
2026-05-28T03:00:00.000000000,253.70804,222.42575
2026-05-28T04:00:00.000000000,250.3385,222.38281
2026-05-28T05:00:00.000000000,247.62661,223.41538
2026-05-28T06:00:00.000000000,246.00118,223.30159
2026-05-28T07:00:00.000000000,236.54249,222.63394
2026-05-28T08:00:00.000000000,230.76471,222.7347
2026-05-28T09:00:00.000000000,227.02561,221.84691
2026-05-28T10:00:00.000000000,222.84438,221.20264
2026-05-28T11:00:00.000000000,236.18373,220.03715
2026-05-28T12:00:00.000000000,247.97326,219.3517
2026-05-28T13:00:00.000000000,251.17919,218.19687
2026-05-28T14:00:00.000000000,250.24504,218.80179
2026-05-28T15:00:00.000000000,249.93449,219.26603
2026-05-28T16:00:00.000000000,253.47164,218.92973
2026-05-28T17:00:00.000000000,253.14131,218.3904
2026-05-28T18:00:00.000000000,249.17925,217.92362
2026-05-28T19:00:00.000000000,249.23311,218.49137
2026-05-28T20:00:00.000000000,250.45963,218.99738
2026-05-28T21:00:00.000000000,250.88663,218.38963
2026-05-28T22:00:00.000000000,253.68284,217.91181
2026-05-28T23:00:00.000000000,256.4037,217.9893
2026-05-29T00:00:00.000000000,260.25347,213.49342
2026-05-29T01:00:00.000000000,263.4795,215.19873
2026-05-29T02:00:00.000000000,267.67237,216.71397
2026-05-29T03:00:00.000000000,266.72467,216.11275
2026-05-29T04:00:00.000000000,258.08254,216.16184
2026-05-29T05:00:00.000000000,247.63275,217.1917
2026-05-29T06:00:00.000000000,246.90579,217.14388
2026-05-29T07:00:00.000000000,241.58685,216.36689
2026-05-29T08:00:00.000000000,236.41832,216.56599
2026-05-29T09:00:00.000000000,234.78054,215.51774
2026-05-29T10:00:00.000000000,234.59897,214.84021
2026-05-29T11:00:00.000000000,238.29494,213.55531
2026-05-29T12:00:00.000000000,241.78478,212.82597
2026-05-29T13:00:00.000000000,245.30977,211.6108
2026-05-29T14:00:00.000000000,247.90087,212.2243
2026-05-29T15:00:00.000000000,246.66132,212.47394
2026-05-29T16:00:00.000000000,249.19777,212.09602
2026-05-29T17:00:00.000000000,250.83409,211.39582
2026-05-29T18:00:00.000000000,243.68604,210.78505
2026-05-29T19:00:00.000000000,238.90833,211.2604
2026-05-29T20:00:00.000000000,234.84946,211.80104
2026-05-29T21:00:00.000000000,232.67856,211.27594
2026-05-29T22:00:00.000000000,236.59094,210.69835
2026-05-29T23:00:00.000000000,238.05773,210.85678
2026-05-30T00:00:00.000000000,242.89342,206.93467
2026-05-30T01:00:00.000000000,247.81881,209.09903
2026-05-30T02:00:00.000000000,253.63403,211.03038
2026-05-30T03:00:00.000000000,261.00252,210.3627
2026-05-30T04:00:00.000000000,258.31594,210.53879
2026-05-30T05:00:00.000000000,257.41495,211.5384
2026-05-30T06:00:00.000000000,255.46957,211.52203
2026-05-30T07:00:00.000000000,256.41242,210.5685
2026-05-30T08:00:00.000000000,250.38841,210.84755
2026-05-30T09:00:00.000000000,245.62197,209.55956
2026-05-30T10:00:00.000000000,244.19653,208.87393
2026-05-30T11:00:00.000000000,245.50221,207.42558
2026-05-30T12:00:00.000000000,244.90842,206.69358
2026-05-30T13:00:00.000000000,246.41501,205.51236
2026-05-30T14:00:00.000000000,253.97641,206.14719
2026-05-30T15:00:00.000000000,256.04915,206.21976
2026-05-30T16:00:00.000000000,255.64756,205.85185
2026-05-30T17:00:00.000000000,255.04339,204.9885
2026-05-30T18:00:00.000000000,254.48751,204.27459
2026-05-30T19:00:00.000000000,251.74649,204.59178
2026-05-30T20:00:00.000000000,246.91664,205.18618
2026-05-30T21:00:00.000000000,245.72972,204.74023
2026-05-30T22:00:00.000000000,247.24245,204.03054
2026-05-30T23:00:00.000000000,248.54974,204.22703
2026-05-31T00:00:00.000000000,251.47857,199.84059
2026-05-31T01:00:00.000000000,244.30179,202.46317
2026-05-31T02:00:00.000000000,236.34482,204.8371
2026-05-31T03:00:00.000000000,236.16451,204.06316
2026-05-31T04:00:00.000000000,227.71561,204.38659
2026-05-31T05:00:00.000000000,213.18142,205.33642
2026-05-31T06:00:00.000000000,207.49526,205.36203
2026-05-31T07:00:00.000000000,210.58241,204.18071
2026-05-31T08:00:00.000000000,211.26845,204.57392
2026-05-31T09:00:00.000000000,199.22804,203.01412
2026-05-31T10:00:00.000000000,187.08818,202.3523
2026-05-31T11:00:00.000000000,184.18559,200.6918
2026-05-31T12:00:00.000000000,187.24355,199.96056
2026-05-31T13:00:00.000000000,197.9416,198.85264
2026-05-31T14:00:00.000000000,209.0563,199.48154
2026-05-31T15:00:00.000000000,213.82715,199.34025
2026-05-31T16:00:00.000000000,215.84414,199.00867
2026-05-31T17:00:00.000000000,223.7908,197.95424
2026-05-31T18:00:00.000000000,223.51378,197.14363
2026-05-31T19:00:00.000000000,221.4894,197.27154
2026-05-31T20:00:00.000000000,221.45446,197.95854
2026-05-31T21:00:00.000000000,219.78444,197.63554
2026-05-31T22:00:00.000000000,218.18233,196.77665
2026-05-31T23:00:00.000000000,219.80511,196.98832
2026-06-01T00:00:00.000000000,218.68055,188.20113
2026-06-01T01:00:00.000000000,225.6628,191.51667
2026-06-01T02:00:00.000000000,228.27044,194.46293
2026-06-01T03:00:00.000000000,230.27836,193.53817
2026-06-01T04:00:00.000000000,228.29951,194.01077
2026-06-01T05:00:00.000000000,220.00723,195.04148
2026-06-01T06:00:00.000000000,215.61494,195.0652
2026-06-01T07:00:00.000000000,214.54322,193.60085
2026-06-01T08:00:00.000000000,214.40489,194.06572
2026-06-01T09:00:00.000000000,215.15556,192.19002
2026-06-01T10:00:00.000000000,217.3113,191.18294
2026-06-01T11:00:00.000000000,222.00449,189.09519
2026-06-01T12:00:00.000000000,225.52989,188.27357
2026-06-01T13:00:00.000000000,228.20948,187.01861
2026-06-01T14:00:00.000000000,230.2973,187.57772
2026-06-01T15:00:00.000000000,229.94419,187.23762
2026-06-01T16:00:00.000000000,228.33437,187.09062
2026-06-01T17:00:00.000000000,226.505,186.08061
2026-06-01T18:00:00.000000000,227.90902,185.51099
2026-06-01T19:00:00.000000000,225.1279,185.93987
2026-06-01T20:00:00.000000000,226.28164,186.8468
2026-06-01T21:00:00.000000000,222.65481,186.59923
2026-06-01T22:00:00.000000000,225.62188,185.51196
2026-06-01T23:00:00.000000000,227.98623,185.73482
2026-06-02T00:00:00.000000000,227.34932,181.86759
2026-06-02T01:00:00.000000000,230.03879,185.56647
2026-06-02T02:00:00.000000000,228.14335,188.822
2026-06-02T03:00:00.000000000,226.90265,187.80874
2026-06-02T04:00:00.000000000,226.57107,188.35978
2026-06-02T05:00:00.000000000,211.92451,189.43504
2026-06-02T06:00:00.000000000,205.49606,189.40875
2026-06-02T07:00:00.000000000,199.43131,187.7461
2026-06-02T08:00:00.000000000,200.91071,188.21907
2026-06-02T09:00:00.000000000,200.2935,186.1495
2026-06-02T10:00:00.000000000,207.02382,184.9434
2026-06-02T11:00:00.000000000,212.84101,182.59841
2026-06-02T12:00:00.000000000,218.47697,181.71641
2026-06-02T13:00:00.000000000,217.97799,180.42584
2026-06-02T14:00:00.000000000,217.86105,180.9428
2026-06-02T15:00:00.000000000,223.47045,180.50793
2026-06-02T16:00:00.000000000,221.80052,180.48213
2026-06-02T17:00:00.000000000,222.25926,179.51863
2026-06-02T18:00:00.000000000,222.95898,179.12424
2026-06-02T19:00:00.000000000,219.25491,179.75839
2026-06-02T20:00:00.000000000,215.76044,180.80669
2026-06-02T21:00:00.000000000,218.72687,180.59372
2026-06-02T22:00:00.000000000,219.67606,179.38676
2026-06-02T23:00:00.000000000,222.76241,179.62999
2026-05-28T00:00:00.000000000,252.22491,240.16473
2026-05-28T01:00:00.000000000,255.71693,239.83736
2026-05-28T02:00:00.000000000,259.7549,239.87068
2026-05-28T03:00:00.000000000,253.70804,239.35558
2026-05-28T04:00:00.000000000,250.3385,239.15681
2026-05-28T05:00:00.000000000,247.62661,240.13106
2026-05-28T06:00:00.000000000,246.00118,239.9259
2026-05-28T07:00:00.000000000,236.54249,239.39161
2026-05-28T08:00:00.000000000,230.76471,239.33727
2026-05-28T09:00:00.000000000,227.02561,238.83787
2026-05-28T10:00:00.000000000,222.84438,238.4154
2026-05-28T11:00:00.000000000,236.18373,237.44286
2026-05-28T12:00:00.000000000,247.97326,237.00134
2026-05-28T13:00:00.000000000,251.17919,236.10014
2026-05-28T14:00:00.000000000,250.24504,236.57758
2026-05-28T15:00:00.000000000,249.93449,237.53051
2026-05-28T16:00:00.000000000,253.47164,237.44715
2026-05-28T17:00:00.000000000,253.14131,237.26895
2026-05-28T18:00:00.000000000,249.17925,237.20683
2026-05-28T19:00:00.000000000,249.23311,237.88296
2026-05-28T20:00:00.000000000,250.45963,238.39306
2026-05-28T21:00:00.000000000,250.88663,237.76928
2026-05-28T22:00:00.000000000,253.68284,237.52094
2026-05-28T23:00:00.000000000,256.4037,237.22814
2026-05-29T00:00:00.000000000,260.25347,230.24123
2026-05-29T01:00:00.000000000,263.4795,230.73271
2026-05-29T02:00:00.000000000,267.67237,231.32114
2026-05-29T03:00:00.000000000,266.72467,230.82525
2026-05-29T04:00:00.000000000,258.08254,230.69252
2026-05-29T05:00:00.000000000,247.63275,231.70289
2026-05-29T06:00:00.000000000,246.90579,231.52526
2026-05-29T07:00:00.000000000,241.58685,230.94116
2026-05-29T08:00:00.000000000,236.41832,230.94307
2026-05-29T09:00:00.000000000,234.78054,230.24503
2026-05-29T10:00:00.000000000,234.59897,229.6899
2026-05-29T11:00:00.000000000,238.29494,228.6333
2026-05-29T12:00:00.000000000,241.78478,228.05713
2026-05-29T13:00:00.000000000,245.30977,227.02066
2026-05-29T14:00:00.000000000,247.90087,227.5835
2026-05-29T15:00:00.000000000,246.66132,228.31029
2026-05-29T16:00:00.000000000,249.19777,228.07985
2026-05-29T17:00:00.000000000,250.83409,227.72527
2026-05-29T18:00:00.000000000,243.68604,227.45993
2026-05-29T19:00:00.000000000,238.90833,228.09677
2026-05-29T20:00:00.000000000,234.84946,228.59127
2026-05-29T21:00:00.000000000,232.67856,227.93778
2026-05-29T22:00:00.000000000,236.59094,227.5784
2026-05-29T23:00:00.000000000,238.05773,227.49642
2026-05-30T00:00:00.000000000,242.89342,221.33134
2026-05-30T01:00:00.000000000,247.81881,222.48861
2026-05-30T02:00:00.000000000,253.63403,223.56102
2026-05-30T03:00:00.000000000,261.00252,223.02022
2026-05-30T04:00:00.000000000,258.31594,222.95834
2026-05-30T05:00:00.000000000,257.41495,223.98133
2026-05-30T06:00:00.000000000,255.46957,223.8589
2026-05-30T07:00:00.000000000,256.41242,223.19292
2026-05-30T08:00:00.000000000,250.38841,223.28896
2026-05-30T09:00:00.000000000,245.62197,222.42406
2026-05-30T10:00:00.000000000,244.19653,221.79348
2026-05-30T11:00:00.000000000,245.50221,220.64096
2026-05-30T12:00:00.000000000,244.90842,219.96107
2026-05-30T13:00:00.000000000,246.41501,218.80953
2026-05-30T14:00:00.000000000,253.97641,219.40132
2026-05-30T15:00:00.000000000,256.04915,219.86958
2026-05-30T16:00:00.000000000,255.64756,219.53384
2026-05-30T17:00:00.000000000,255.04339,219.0007
2026-05-30T18:00:00.000000000,254.48751,218.54638
2026-05-30T19:00:00.000000000,251.74649,219.12889
2026-05-30T20:00:00.000000000,246.91664,219.64321
2026-05-30T21:00:00.000000000,245.72972,219.04717
2026-05-30T22:00:00.000000000,247.24245,218.59734
2026-05-30T23:00:00.000000000,248.54974,218.67464
2026-05-31T00:00:00.000000000,251.47857,211.54751
2026-05-31T01:00:00.000000000,244.30179,213.39676
2026-05-31T02:00:00.000000000,236.34482,215.05109
2026-05-31T03:00:00.000000000,236.16451,214.39909
2026-05-31T04:00:00.000000000,227.71561,214.47082
2026-05-31T05:00:00.000000000,213.18142,215.44937
2026-05-31T06:00:00.000000000,207.49526,215.37129
2026-05-31T07:00:00.000000000,210.58241,214.48295
2026-05-31T08:00:00.000000000,211.26845,214.69425
2026-05-31T09:00:00.000000000,199.22804,213.54695
2026-05-31T10:00:00.000000000,187.08818,212.89474
2026-05-31T11:00:00.000000000,184.18559,211.55591
2026-05-31T12:00:00.000000000,187.24355,210.84659
2026-05-31T13:00:00.000000000,197.9416,209.6705
2026-05-31T14:00:00.000000000,209.0563,210.27687
2026-05-31T15:00:00.000000000,213.82715,210.43978
2026-05-31T16:00:00.000000000,215.84414,210.06362
2026-05-31T17:00:00.000000000,223.7908,209.28465
2026-05-31T18:00:00.000000000,223.51378,208.64653
2026-05-31T19:00:00.000000000,221.4894,209.06364
2026-05-31T20:00:00.000000000,221.45446,209.65053
2026-05-31T21:00:00.000000000,219.78444,209.19138
2026-05-31T22:00:00.000000000,218.18233,208.62197
2026-05-31T23:00:00.000000000,219.80511,208.81922
2026-06-01T00:00:00.000000000,218.68055,202.45714
2026-06-01T01:00:00.000000000,225.6628,204.91471
2026-06-01T02:00:00.000000000,228.27044,207.13403
2026-06-01T03:00:00.000000000,230.27836,206.3906
2026-06-01T04:00:00.000000000,228.29951,206.65648
2026-06-01T05:00:00.000000000,220.00723,207.61022
2026-06-01T06:00:00.000000000,215.61494,207.60532
2026-06-01T07:00:00.000000000,214.54322,206.48876
2026-06-01T08:00:00.000000000,214.40489,206.83481
2026-06-01T09:00:00.000000000,215.15556,205.36388
2026-06-01T10:00:00.000000000,217.3113,204.7019
2026-06-01T11:00:00.000000000,222.00449,203.11923
2026-06-01T12:00:00.000000000,225.52989,202.39303
2026-06-01T13:00:00.000000000,228.20948,201.26907
2026-06-01T14:00:00.000000000,230.2973,201.89787
2026-06-01T15:00:00.000000000,229.94419,201.82343
2026-06-01T16:00:00.000000000,228.33437,201.4777
2026-06-01T17:00:00.000000000,226.505,200.4867
2026-06-01T18:00:00.000000000,227.90902,199.71233
2026-06-01T19:00:00.000000000,225.1279,199.90666
2026-06-01T20:00:00.000000000,226.28164,200.56659
2026-06-01T21:00:00.000000000,222.65481,200.21052
2026-06-01T22:00:00.000000000,225.62188,199.42327
2026-06-01T23:00:00.000000000,227.98623,199.63869
2026-06-02T00:00:00.000000000,227.34932,196.322
2026-06-02T01:00:00.000000000,230.03879,199.15331
2026-06-02T02:00:00.000000000,228.14335,201.7017
2026-06-02T03:00:00.000000000,226.90265,200.8848
2026-06-02T04:00:00.000000000,226.57107,201.25562
2026-06-02T05:00:00.000000000,211.92451,202.22945
2026-06-02T06:00:00.000000000,205.49606,202.26775
2026-06-02T07:00:00.000000000,199.43131,201.01129
2026-06-02T08:00:00.000000000,200.91071,201.43451
2026-06-02T09:00:00.000000000,200.2935,199.78309
2026-06-02T10:00:00.000000000,207.02382,199.02427
2026-06-02T11:00:00.000000000,212.84101,197.24108
2026-06-02T12:00:00.000000000,218.47697,196.48564
2026-06-02T13:00:00.000000000,217.97799,195.3266
2026-06-02T14:00:00.000000000,217.86105,195.93682
2026-06-02T15:00:00.000000000,223.47045,195.73235
2026-06-02T16:00:00.000000000,221.80052,195.45021
2026-06-02T17:00:00.000000000,222.25926,194.3996
2026-06-02T18:00:00.000000000,222.95898,193.64656
2026-06-02T19:00:00.000000000,219.25491,193.84802
2026-06-02T20:00:00.000000000,215.76044,194.59497
2026-06-02T21:00:00.000000000,218.72687,194.29573
2026-06-02T22:00:00.000000000,219.67606,193.36459
2026-06-02T23:00:00.000000000,222.76241,193.57583
2026-06-03T00:00:00.000000000,221.58466,190.01503
2026-06-03T01:00:00.000000000,223.07106,193.22191
2026-06-03T02:00:00.000000000,226.56202,196.07982
2026-06-03T03:00:00.000000000,220.70106,195.18
2026-06-03T04:00:00.000000000,218.8645,195.63067
2026-06-03T05:00:00.000000000,206.02946,196.64849
2026-06-03T06:00:00.000000000,196.79518,196.68133
2026-06-03T07:00:00.000000000,193.51368,195.26806
2026-06-03T08:00:00.000000000,188.97984,195.72754
2026-06-03T09:00:00.000000000,185.74177,193.90407
2026-06-03T10:00:00.000000000,186.18478,192.95541
2026-06-03T11:00:00.000000000,191.32784,190.93861
2026-06-03T12:00:00.000000000,201.50564,190.1332
2026-06-03T13:00:00.000000000,194.64086,188.89638
2026-06-03T14:00:00.000000000,194.16671,189.46769
2026-06-03T15:00:00.000000000,197.37703,189.1564
2026-06-03T16:00:00.000000000,208.1541,188.97649
2026-06-03T17:00:00.000000000,216.48978,187.95333
2026-06-03T18:00:00.000000000,217.01268,187.33601
2026-06-03T19:00:00.000000000,218.89557,187.70649
2026-06-03T20:00:00.000000000,217.04134,188.57498
2026-06-03T21:00:00.000000000,217.61763,188.31673
2026-06-03T22:00:00.000000000,220.50816,187.26282
2026-06-03T23:00:00.000000000,222.7959,187.48141
2026-05-29T00:00:00.000000000,260.25347,245.99185
2026-05-29T01:00:00.000000000,263.4795,245.21184
2026-05-29T02:00:00.000000000,267.67237,244.94952
2026-05-29T03:00:00.000000000,266.72467,244.42451
2026-05-29T04:00:00.000000000,258.08254,244.14351
2026-05-29T05:00:00.000000000,247.63275,245.06046
2026-05-29T06:00:00.000000000,246.90579,244.85016
2026-05-29T07:00:00.000000000,241.58685,244.41112
2026-05-29T08:00:00.000000000,236.41832,244.45897
2026-05-29T09:00:00.000000000,234.78054,244.17363
2026-05-29T10:00:00.000000000,234.59897,244.04416
2026-05-29T11:00:00.000000000,238.29494,243.345
2026-05-29T12:00:00.000000000,241.78478,242.94017
2026-05-29T13:00:00.000000000,245.30977,242.23627
2026-05-29T14:00:00.000000000,247.90087,242.63949
2026-05-29T15:00:00.000000000,246.66132,243.57786
2026-05-29T16:00:00.000000000,249.19777,243.41892
2026-05-29T17:00:00.000000000,250.83409,243.29416
2026-05-29T18:00:00.000000000,243.68604,243.19913
2026-05-29T19:00:00.000000000,238.90833,243.76878
2026-05-29T20:00:00.000000000,234.84946,244.18586
2026-05-29T21:00:00.000000000,232.67856,243.55044
2026-05-29T22:00:00.000000000,236.59094,243.37304
2026-05-29T23:00:00.000000000,238.05773,242.97664
2026-05-30T00:00:00.000000000,242.89342,234.25759
2026-05-30T01:00:00.000000000,247.81881,234.42217
2026-05-30T02:00:00.000000000,253.63403,234.77786
2026-05-30T03:00:00.000000000,261.00252,234.26716
2026-05-30T04:00:00.000000000,258.31594,234.09094
2026-05-30T05:00:00.000000000,257.41495,235.07822
2026-05-30T06:00:00.000000000,255.46957,234.88008
2026-05-30T07:00:00.000000000,256.41242,234.31327
2026-05-30T08:00:00.000000000,250.38841,234.29047
2026-05-30T09:00:00.000000000,245.62197,233.67965
2026-05-30T10:00:00.000000000,244.19653,233.18315
2026-05-30T11:00:00.000000000,245.50221,232.16716
2026-05-30T12:00:00.000000000,244.90842,231.64162
2026-05-30T13:00:00.000000000,246.41501,230.65492
2026-05-30T14:00:00.000000000,253.97641,231.17655
2026-05-30T15:00:00.000000000,256.04915,231.9842
2026-05-30T16:00:00.000000000,255.64756,231.80241
2026-05-30T17:00:00.000000000,255.04339,231.51082
2026-05-30T18:00:00.000000000,254.48751,231.32733
2026-05-30T19:00:00.000000000,251.74649,231.99205
2026-05-30T20:00:00.000000000,246.91664,232.50245
2026-05-30T21:00:00.000000000,245.72972,231.86986
2026-05-30T22:00:00.000000000,247.24245,231.5762
2026-05-30T23:00:00.000000000,248.54974,231.42548
2026-05-31T00:00:00.000000000,251.47857,221.89879
2026-05-31T01:00:00.000000000,244.30179,222.98942
2026-05-31T02:00:00.000000000,236.34482,223.99376
2026-05-31T03:00:00.000000000,236.16451,223.3963
2026-05-31T04:00:00.000000000,227.71561,223.27746
2026-05-31T05:00:00.000000000,213.18142,224.26149
2026-05-31T06:00:00.000000000,207.49526,224.12282
2026-05-31T07:00:00.000000000,210.58241,223.43549
2026-05-31T08:00:00.000000000,211.26845,223.54308
2026-05-31T09:00:00.000000000,199.22804,222.72878
2026-05-31T10:00:00.000000000,187.08818,222.14084
2026-05-31T11:00:00.000000000,184.18559,221.01062
2026-05-31T12:00:00.000000000,187.24355,220.33144
2026-05-31T13:00:00.000000000,197.9416,219.16492
2026-05-31T14:00:00.000000000,209.0563,219.70309
2026-05-31T15:00:00.000000000,213.82715,220.11425
2026-05-31T16:00:00.000000000,215.84414,219.75795
2026-05-31T17:00:00.000000000,223.7908,219.1978
2026-05-31T18:00:00.000000000,223.51378,218.74595
2026-05-31T19:00:00.000000000,221.4894,219.36993
2026-05-31T20:00:00.000000000,221.45446,219.92999
2026-05-31T21:00:00.000000000,219.78444,219.40831
2026-05-31T22:00:00.000000000,218.18233,219.04999
2026-05-31T23:00:00.000000000,219.80511,219.16335
2026-06-01T00:00:00.000000000,218.68055,211.60139
2026-06-01T01:00:00.000000000,225.6628,213.44484
2026-06-01T02:00:00.000000000,228.27044,215.08872
2026-06-01T03:00:00.000000000,230.27836,214.45344
2026-06-01T04:00:00.000000000,228.29951,214.53088
2026-06-01T05:00:00.000000000,220.00723,215.53041
2026-06-01T06:00:00.000000000,215.61494,215.47036
2026-06-01T07:00:00.000000000,214.54322,214.61277
2026-06-01T08:00:00.000000000,214.40489,214.8276
2026-06-01T09:00:00.000000000,215.15556,213.69594
2026-06-01T10:00:00.000000000,217.3113,213.02929
2026-06-01T11:00:00.000000000,222.00449,211.69579
2026-06-01T12:00:00.000000000,225.52989,210.97656
2026-06-01T13:00:00.000000000,228.20948,209.78514
2026-06-01T14:00:00.000000000,230.2973,210.39903
2026-06-01T15:00:00.000000000,229.94419,210.58059
2026-06-01T16:00:00.000000000,228.33437,210.20395
2026-06-01T17:00:00.000000000,226.505,209.4413
2026-06-01T18:00:00.000000000,227.90902,208.80185
2026-06-01T19:00:00.000000000,225.1279,209.22632
2026-06-01T20:00:00.000000000,226.28164,209.79693
2026-06-01T21:00:00.000000000,222.65481,209.31535
2026-06-01T22:00:00.000000000,225.62188,208.72483
2026-06-01T23:00:00.000000000,227.98623,208.9098
2026-06-02T00:00:00.000000000,227.34932,205.46115
2026-06-02T01:00:00.000000000,230.03879,207.72383
2026-06-02T02:00:00.000000000,228.14335,209.74716
2026-06-02T03:00:00.000000000,226.90265,209.06142
2026-06-02T04:00:00.000000000,226.57107,209.26762
2026-06-02T05:00:00.000000000,211.92451,210.25974
2026-06-02T06:00:00.000000000,205.49606,210.25279
2026-06-02T07:00:00.000000000,199.43131,209.25728
2026-06-02T08:00:00.000000000,200.91071,209.55802
2026-06-02T09:00:00.000000000,200.2935,208.21566
2026-06-02T10:00:00.000000000,207.02382,207.5312
2026-06-02T11:00:00.000000000,212.84101,206.0422
2026-06-02T12:00:00.000000000,218.47697,205.30939
2026-06-02T13:00:00.000000000,217.97799,204.13895
2026-06-02T14:00:00.000000000,217.86105,204.77548
2026-06-02T15:00:00.000000000,223.47045,204.80663
2026-06-02T16:00:00.000000000,221.80052,204.44395
2026-06-02T17:00:00.000000000,222.25926,203.54307
2026-06-02T18:00:00.000000000,222.95898,202.80762
2026-06-02T19:00:00.000000000,219.25491,203.08756
2026-06-02T20:00:00.000000000,215.76044,203.69721
2026-06-02T21:00:00.000000000,218.72687,203.27224
2026-06-02T22:00:00.000000000,219.67606,202.5307
2026-06-02T23:00:00.000000000,222.76241,202.7318
2026-06-03T00:00:00.000000000,221.58466,200.93936
2026-06-03T01:00:00.000000000,223.07106,203.49307
2026-06-03T02:00:00.000000000,226.56202,205.80308
2026-06-03T03:00:00.000000000,220.70106,205.0414
2026-06-03T04:00:00.000000000,218.8645,205.34062
2026-06-03T05:00:00.000000000,206.02946,206.2909
2026-06-03T06:00:00.000000000,196.79518,206.30233
2026-06-03T07:00:00.000000000,193.51368,205.14669
2026-06-03T08:00:00.000000000,188.97984,205.5196
2026-06-03T09:00:00.000000000,185.74177,203.99599
2026-06-03T10:00:00.000000000,186.18478,203.33477
2026-06-03T11:00:00.000000000,191.32784,201.70702
2026-06-03T12:00:00.000000000,201.50564,200.97814
2026-06-03T13:00:00.000000000,194.64086,199.86455
2026-06-03T14:00:00.000000000,194.16671,200.49341
2026-06-03T15:00:00.000000000,197.37703,200.37917
2026-06-03T16:00:00.000000000,208.1541,200.04159
2026-06-03T17:00:00.000000000,216.48978,199.01353
2026-06-03T18:00:00.000000000,217.01268,198.21814
2026-06-03T19:00:00.000000000,218.89557,198.37368
2026-06-03T20:00:00.000000000,217.04134,199.0496
2026-06-03T21:00:00.000000000,217.61763,198.71354
2026-06-03T22:00:00.000000000,220.50816,197.88611
2026-06-03T23:00:00.000000000,222.7959,198.10007
2026-06-04T00:00:00.000000000,223.1325,196.12202
2026-06-04T01:00:00.000000000,225.9366,198.96532
2026-06-04T02:00:00.000000000,228.96803,201.52382
2026-06-04T03:00:00.000000000,226.4633,200.70457
2026-06-04T04:00:00.000000000,220.19655,201.07839
2026-06-04T05:00:00.000000000,214.58238,202.0535
2026-06-04T06:00:00.000000000,210.79872,202.09281
2026-06-04T07:00:00.000000000,204.42086,200.83205
2026-06-04T08:00:00.000000000,199.38214,201.25728
2026-06-04T09:00:00.000000000,196.7798,199.6005
2026-06-04T10:00:00.000000000,194.87557,198.83704
2026-06-04T11:00:00.000000000,197.47094,197.04701
2026-06-04T12:00:00.000000000,198.31058,196.29027
2026-06-04T13:00:00.000000000,192.11003,195.12912
2026-06-04T14:00:00.000000000,189.49296,195.73848
2026-06-04T15:00:00.000000000,202.64808,195.53038
2026-06-04T16:00:00.000000000,210.57356,195.2508
2026-06-04T17:00:00.000000000,213.78997,194.19959
2026-06-04T18:00:00.000000000,220.15599,193.44879
2026-06-04T19:00:00.000000000,220.12647,193.65285
2026-06-04T20:00:00.000000000,219.79635,194.40297
2026-06-04T21:00:00.000000000,218.2999,194.10514
2026-06-04T22:00:00.000000000,221.07705,193.16937
2026-06-04T23:00:00.000000000,223.06828,193.38052
2026-05-30T00:00:00.000000000,242.89342,230.00418
2026-05-30T01:00:00.000000000,247.81881,230.51164
2026-05-30T02:00:00.000000000,253.63403,231.11687
2026-05-30T03:00:00.000000000,261.00252,230.61145
2026-05-30T04:00:00.000000000,258.31594,230.46767
2026-05-30T05:00:00.000000000,257.41495,231.46247
2026-05-30T06:00:00.000000000,255.46957,231.27785
2026-05-30T07:00:00.000000000,256.41242,230.69164
2026-05-30T08:00:00.000000000,250.38841,230.71303
2026-05-30T09:00:00.000000000,245.62197,230.01947
2026-05-30T10:00:00.000000000,244.19653,229.50732
2026-05-30T11:00:00.000000000,245.50221,228.48729
2026-05-30T12:00:00.000000000,244.90842,227.89497
2026-05-30T13:00:00.000000000,246.41501,226.88451
2026-05-30T14:00:00.000000000,253.97641,227.44646
2026-05-30T15:00:00.000000000,256.04915,228.13235
2026-05-30T16:00:00.000000000,255.64756,227.87497
2026-05-30T17:00:00.000000000,255.04339,227.51339
2026-05-30T18:00:00.000000000,254.48751,227.21902
2026-05-30T19:00:00.000000000,251.74649,227.84103
2026-05-30T20:00:00.000000000,246.91664,228.32513
2026-05-30T21:00:00.000000000,245.72972,227.67699
2026-05-30T22:00:00.000000000,247.24245,227.326
2026-05-30T23:00:00.000000000,248.54974,227.25437
2026-05-31T00:00:00.000000000,251.47857,218.48919
2026-05-31T01:00:00.000000000,244.30179,219.83082
2026-05-31T02:00:00.000000000,236.34482,221.03985
2026-05-31T03:00:00.000000000,236.16451,220.42576
2026-05-31T04:00:00.000000000,227.71561,220.36036
2026-05-31T05:00:00.000000000,213.18142,221.34746
2026-05-31T06:00:00.000000000,207.49526,221.23243
2026-05-31T07:00:00.000000000,210.58241,220.49307
2026-05-31T08:00:00.000000000,211.26845,220.63487
2026-05-31T09:00:00.000000000,199.22804,219.72863
2026-05-31T10:00:00.000000000,187.08818,219.11421
2026-05-31T11:00:00.000000000,184.18559,217.92664
2026-05-31T12:00:00.000000000,187.24355,217.23073
2026-05-31T13:00:00.000000000,197.9416,216.04335
2026-05-31T14:00:00.000000000,209.0563,216.60225
2026-05-31T15:00:00.000000000,213.82715,216.928
2026-05-31T16:00:00.000000000,215.84414,216.55447
2026-05-31T17:00:00.000000000,223.7908,215.92461
2026-05-31T18:00:00.000000000,223.51378,215.40538
2026-05-31T19:00:00.000000000,221.4894,215.97609
2026-05-31T20:00:00.000000000,221.45446,216.54027
2026-05-31T21:00:00.000000000,219.78444,216.03755
2026-05-31T22:00:00.000000000,218.18233,215.6196
2026-05-31T23:00:00.000000000,219.80511,215.77026
2026-06-01T00:00:00.000000000,218.68055,208.70489
2026-06-01T01:00:00.000000000,225.6628,210.74985
2026-06-01T02:00:00.000000000,228.27044,212.57703
2026-06-01T03:00:00.000000000,230.27836,211.91495
2026-06-01T04:00:00.000000000,228.29951,212.05073
2026-06-01T05:00:00.000000000,220.00723,213.04028
2026-06-01T06:00:00.000000000,215.61494,212.9973
2026-06-01T07:00:00.000000000,214.54322,212.06631
2026-06-01T08:00:00.000000000,214.40489,212.31779
2026-06-01T09:00:00.000000000,215.15556,211.08181
2026-06-01T10:00:00.000000000,217.3113,210.40964
2026-06-01T11:00:00.000000000,222.00449,209.00397
2026-06-01T12:00:00.000000000,225.52989,208.28117
2026-06-01T13:00:00.000000000,228.20948,207.10355
2026-06-01T14:00:00.000000000,230.2973,207.72808
2026-06-01T15:00:00.000000000,229.94419,207.83382
2026-06-01T16:00:00.000000000,228.33437,207.46228
2026-06-01T17:00:00.000000000,226.505,206.63108
2026-06-01T18:00:00.000000000,227.90902,205.94603
2026-06-01T19:00:00.000000000,225.1279,206.30136
2026-06-01T20:00:00.000000000,226.28164,206.8928
2026-06-01T21:00:00.000000000,222.65481,206.44254
2026-06-01T22:00:00.000000000,225.62188,205.78941
2026-06-01T23:00:00.000000000,227.98623,205.98806
2026-06-02T00:00:00.000000000,227.34932,203.26588
2026-06-02T01:00:00.000000000,230.03879,205.6719
2026-06-02T02:00:00.000000000,228.14335,207.83449
2026-06-02T03:00:00.000000000,226.90265,207.11396
2026-06-02T04:00:00.000000000,226.57107,207.36473
2026-06-02T05:00:00.000000000,211.92451,208.3378
2026-06-02T06:00:00.000000000,205.49606,208.33984
2026-06-02T07:00:00.000000000,199.43131,207.26926
2026-06-02T08:00:00.000000000,200.91071,207.60367
2026-06-02T09:00:00.000000000,200.2935,206.17439
2026-06-02T10:00:00.000000000,207.02382,205.49918
2026-06-02T11:00:00.000000000,212.84101,203.9449
2026-06-02T12:00:00.000000000,218.47697,203.21373
2026-06-02T13:00:00.000000000,217.97799,202.06828
2026-06-02T14:00:00.000000000,217.86105,202.70271
2026-06-02T15:00:00.000000000,223.47045,202.66474
2026-06-02T16:00:00.000000000,221.80052,202.31274
2026-06-02T17:00:00.000000000,222.25926,201.35095
2026-06-02T18:00:00.000000000,222.95898,200.58552
2026-06-02T19:00:00.000000000,219.25491,200.80625
2026-06-02T20:00:00.000000000,215.76044,201.44604
2026-06-02T21:00:00.000000000,218.72687,201.06197
2026-06-02T22:00:00.000000000,219.67606,200.2788
2026-06-02T23:00:00.000000000,222.76241,200.48743
2026-06-03T00:00:00.000000000,221.58466,197.90716
2026-06-03T01:00:00.000000000,223.07106,200.64338
2026-06-03T02:00:00.000000000,226.56202,203.11162
2026-06-03T03:00:00.000000000,220.70106,202.31304
2026-06-03T04:00:00.000000000,218.8645,202.66004
2026-06-03T05:00:00.000000000,206.02946,203.62366
2026-06-03T06:00:00.000000000,196.79518,203.65317
2026-06-03T07:00:00.000000000,193.51368,202.43002
2026-06-03T08:00:00.000000000,188.97984,202.83704
2026-06-03T09:00:00.000000000,185.74177,201.22789
2026-06-03T10:00:00.000000000,186.18478,200.50605
2026-06-03T11:00:00.000000000,191.32784,198.77675
2026-06-03T12:00:00.000000000,201.50564,198.03147
2026-06-03T13:00:00.000000000,194.64086,196.89002
2026-06-03T14:00:00.000000000,194.16671,197.50692
2026-06-03T15:00:00.000000000,197.37703,197.33126
2026-06-03T16:00:00.000000000,208.1541,197.02915
2026-06-03T17:00:00.000000000,216.48978,195.98326
2026-06-03T18:00:00.000000000,217.01268,195.21272
2026-06-03T19:00:00.000000000,218.89557,195.39367
2026-06-03T20:00:00.000000000,217.04134,196.11597
2026-06-03T21:00:00.000000000,217.61763,195.80573
2026-06-03T22:00:00.000000000,220.50816,194.91118
2026-06-03T23:00:00.000000000,222.7959,195.12342
2026-06-04T00:00:00.000000000,223.1325,192.70087
2026-06-04T01:00:00.000000000,225.9366,195.74785
2026-06-04T02:00:00.000000000,228.96803,198.47525
2026-06-04T03:00:00.000000000,226.4633,197.61208
2026-06-04T04:00:00.000000000,220.19655,198.0308
2026-06-04T05:00:00.000000000,214.58238,199.02936
2026-06-04T06:00:00.000000000,210.79872,199.07177
2026-06-04T07:00:00.000000000,204.42086,197.72991
2026-06-04T08:00:00.000000000,199.38214,198.17909
2026-06-04T09:00:00.000000000,196.7798,196.43036
2026-06-04T10:00:00.000000000,194.87557,195.56919
2026-06-04T11:00:00.000000000,197.47094,193.65537
2026-06-04T12:00:00.000000000,198.31058,192.87307
2026-06-04T13:00:00.000000000,192.11003,191.66926
2026-06-04T14:00:00.000000000,189.49296,192.25876
2026-06-04T15:00:00.000000000,202.64808,191.99136
2026-06-04T16:00:00.000000000,210.57356,191.76406
2026-06-04T17:00:00.000000000,213.78997,190.72165
2026-06-04T18:00:00.000000000,220.15599,190.03555
2026-06-04T19:00:00.000000000,220.12647,190.31988
2026-06-04T20:00:00.000000000,219.79635,191.13285
2026-06-04T21:00:00.000000000,218.2999,190.85815
2026-06-04T22:00:00.000000000,221.07705,189.85296
2026-06-04T23:00:00.000000000,223.06828,190.06639
2026-06-05T00:00:00.000000000,222.87945,186.72688
2026-06-05T01:00:00.000000000,221.30898,190.13112
2026-06-05T02:00:00.000000000,224.25664,193.14925
2026-06-05T03:00:00.000000000,225.12631,192.20411
2026-06-05T04:00:00.000000000,219.76773,192.69472
2026-06-05T05:00:00.000000000,213.84056,193.73586
2026-06-05T06:00:00.000000000,207.4603,193.75052
2026-06-05T07:00:00.000000000,201.58259,192.24286
2026-06-05T08:00:00.000000000,196.37669,192.71114
2026-06-05T09:00:00.000000000,191.00894,190.79193
2026-06-05T10:00:00.000000000,191.57278,189.7378
2026-06-05T11:00:00.000000000,196.02004,187.59152
2026-06-05T12:00:00.000000000,198.73437,186.75636
2026-06-05T13:00:00.000000000,201.22754,185.48919
2026-06-05T14:00:00.000000000,204.99153,186.03845
2026-06-05T15:00:00.000000000,208.5041,185.67545
2026-06-05T16:00:00.000000000,211.92258,185.55577
2026-06-05T17:00:00.000000000,217.46793,184.55651
2026-06-05T18:00:00.000000000,224.01308,184.02643
2026-06-05T19:00:00.000000000,223.37557,184.50292
2026-06-05T20:00:00.000000000,223.65897,185.44171
2026-06-05T21:00:00.000000000,222.33571,185.20257
2026-06-05T22:00:00.000000000,224.07769,184.08789
2026-06-05T23:00:00.000000000,221.63633,184.31473
2026-05-31T00:00:00.000000000,251.47857,248.50624
2026-05-31T01:00:00.000000000,244.30179,247.68605
2026-05-31T02:00:00.000000000,236.34482,247.49032
2026-05-31T03:00:00.000000000,236.16451,246.6658
2026-05-31T04:00:00.000000000,227.71561,246.32856
2026-05-31T05:00:00.000000000,213.18142,246.96658
2026-05-31T06:00:00.000000000,207.49526,246.65926
2026-05-31T07:00:00.000000000,210.58241,246.27488
2026-05-31T08:00:00.000000000,211.26845,246.85872
2026-05-31T09:00:00.000000000,199.22804,246.94061
2026-05-31T10:00:00.000000000,187.08818,247.70413
2026-05-31T11:00:00.000000000,184.18559,247.51578
2026-05-31T12:00:00.000000000,187.24355,246.96956
2026-05-31T13:00:00.000000000,197.9416,246.53101
2026-05-31T14:00:00.000000000,209.0563,246.46488
2026-05-31T15:00:00.000000000,213.82715,246.67297
2026-05-31T16:00:00.000000000,215.84414,245.83472
2026-05-31T17:00:00.000000000,223.7908,245.23634
2026-05-31T18:00:00.000000000,223.51378,244.64387
2026-05-31T19:00:00.000000000,221.4894,244.7235
2026-05-31T20:00:00.000000000,221.45446,245.00555
2026-05-31T21:00:00.000000000,219.78444,244.81466
2026-05-31T22:00:00.000000000,218.18233,245.21532
2026-05-31T23:00:00.000000000,219.80511,245.16841
2026-06-01T00:00:00.000000000,218.68055,234.27479
2026-06-01T01:00:00.000000000,225.6628,234.43941
2026-06-01T02:00:00.000000000,228.27044,234.803
2026-06-01T03:00:00.000000000,230.27836,234.27413
2026-06-01T04:00:00.000000000,228.29951,234.0728
2026-06-01T05:00:00.000000000,220.00723,235.0411
2026-06-01T06:00:00.000000000,215.61494,234.80097
2026-06-01T07:00:00.000000000,214.54322,234.1695
2026-06-01T08:00:00.000000000,214.40489,234.11359
2026-06-01T09:00:00.000000000,215.15556,233.4877
2026-06-01T10:00:00.000000000,217.3113,232.97546
2026-06-01T11:00:00.000000000,222.00449,231.94579
2026-06-01T12:00:00.000000000,225.52989,231.43972
2026-06-01T13:00:00.000000000,228.20948,230.4424
2026-06-01T14:00:00.000000000,230.2973,230.96684
2026-06-01T15:00:00.000000000,229.94419,231.77507
2026-06-01T16:00:00.000000000,228.33437,231.61302
2026-06-01T17:00:00.000000000,226.505,231.30577
2026-06-01T18:00:00.000000000,227.90902,231.12014
2026-06-01T19:00:00.000000000,225.1279,231.78346
2026-06-01T20:00:00.000000000,226.28164,232.31893
2026-06-01T21:00:00.000000000,222.65481,231.73408
2026-06-01T22:00:00.000000000,225.62188,231.48582
2026-06-01T23:00:00.000000000,227.98623,231.36364
2026-06-02T00:00:00.000000000,227.34932,224.63097
2026-06-02T01:00:00.000000000,230.03879,225.55115
2026-06-02T02:00:00.000000000,228.14335,226.44726
2026-06-02T03:00:00.000000000,226.90265,225.93313
2026-06-02T04:00:00.000000000,226.57107,225.84437
2026-06-02T05:00:00.000000000,211.92451,226.86674
2026-06-02T06:00:00.000000000,205.49606,226.72016
2026-06-02T07:00:00.000000000,199.43131,226.09108
2026-06-02T08:00:00.000000000,200.91071,226.14641
2026-06-02T09:00:00.000000000,200.2935,225.34149
2026-06-02T10:00:00.000000000,207.02382,224.73204
2026-06-02T11:00:00.000000000,212.84101,223.61873
2026-06-02T12:00:00.000000000,218.47697,222.9733
2026-06-02T13:00:00.000000000,217.97799,221.86364
2026-06-02T14:00:00.000000000,217.86105,222.45182
2026-06-02T15:00:00.000000000,223.47045,223.0241
2026-06-02T16:00:00.000000000,221.80052,222.72395
2026-06-02T17:00:00.000000000,222.25926,222.26166
2026-06-02T18:00:00.000000000,222.95898,221.87801
2026-06-02T19:00:00.000000000,219.25491,222.4831
2026-06-02T20:00:00.000000000,215.76044,222.98427
2026-06-02T21:00:00.000000000,218.72687,222.35455
2026-06-02T22:00:00.000000000,219.67606,221.93482
2026-06-02T23:00:00.000000000,222.76241,221.95629
2026-06-03T00:00:00.000000000,221.58466,216.05176
2026-06-03T01:00:00.000000000,223.07106,217.58138
2026-06-03T02:00:00.000000000,226.56202,218.94956
2026-06-03T03:00:00.000000000,220.70106,218.37594
2026-06-03T04:00:00.000000000,218.8645,218.38754
2026-06-03T05:00:00.000000000,206.02946,219.42257
2026-06-03T06:00:00.000000000,196.79518,219.35366
2026-06-03T07:00:00.000000000,193.51368,218.62607
2026-06-03T08:00:00.000000000,188.97984,218.79056
2026-06-03T09:00:00.000000000,185.74177,217.80934
2026-06-03T10:00:00.000000000,186.18478,217.14008
2026-06-03T11:00:00.000000000,191.32784,215.90442
2026-06-03T12:00:00.000000000,201.50564,215.18411
2026-06-03T13:00:00.000000000,194.64086,213.98164
2026-06-03T14:00:00.000000000,194.16671,214.59166
2026-06-03T15:00:00.000000000,197.37703,214.91762
2026-06-03T16:00:00.000000000,208.1541,214.54887
2026-06-03T17:00:00.000000000,216.48978,213.91001
2026-06-03T18:00:00.000000000,217.01268,213.34839
2026-06-03T19:00:00.000000000,218.89557,213.86577
2026-06-03T20:00:00.000000000,217.04134,214.39063
2026-06-03T21:00:00.000000000,217.61763,213.83275
2026-06-03T22:00:00.000000000,220.50816,213.29377
2026-06-03T23:00:00.000000000,222.7959,213.42708
2026-06-04T00:00:00.000000000,223.1325,209.74763
2026-06-04T01:00:00.000000000,225.9366,211.71898
2026-06-04T02:00:00.000000000,228.96803,213.46975
2026-06-04T03:00:00.000000000,226.4633,212.84039
2026-06-04T04:00:00.000000000,220.19655,212.96286
2026-06-04T05:00:00.000000000,214.58238,213.98514
2026-06-04T06:00:00.000000000,210.79872,213.96098
2026-06-04T07:00:00.000000000,204.42086,213.09809
2026-06-04T08:00:00.000000000,199.38214,213.34104
2026-06-04T09:00:00.000000000,196.7798,212.1627
2026-06-04T10:00:00.000000000,194.87557,211.47132
2026-06-04T11:00:00.000000000,197.47094,210.0986
2026-06-04T12:00:00.000000000,198.31058,209.364
2026-06-04T13:00:00.000000000,192.11003,208.15818
2026-06-04T14:00:00.000000000,189.49296,208.78983
2026-06-04T15:00:00.000000000,202.64808,208.94754
2026-06-04T16:00:00.000000000,210.57356,208.57208
2026-06-04T17:00:00.000000000,213.78997,207.78544
2026-06-04T18:00:00.000000000,220.15599,207.11325
2026-06-04T19:00:00.000000000,220.12647,207.50258
2026-06-04T20:00:00.000000000,219.79635,208.0645
2026-06-04T21:00:00.000000000,218.2999,207.57238
2026-06-04T22:00:00.000000000,221.07705,206.91195
2026-06-04T23:00:00.000000000,223.06828,207.09113
2026-06-05T00:00:00.000000000,222.87945,204.46524
2026-06-05T01:00:00.000000000,221.30898,206.79343
2026-06-05T02:00:00.000000000,224.25664,208.87996
2026-06-05T03:00:00.000000000,225.12631,208.17893
2026-06-05T04:00:00.000000000,219.76773,208.40521
2026-06-05T05:00:00.000000000,213.84056,209.38899
2026-06-05T06:00:00.000000000,207.4603,209.38612
2026-06-05T07:00:00.000000000,201.58259,208.35717
2026-06-05T08:00:00.000000000,196.37669,208.67285
2026-06-05T09:00:00.000000000,191.00894,207.2913
2026-06-05T10:00:00.000000000,191.57278,206.61057
2026-06-05T11:00:00.000000000,196.02004,205.09244
2026-06-05T12:00:00.000000000,198.73437,204.3603
2026-06-05T13:00:00.000000000,201.22754,203.20061
2026-06-05T14:00:00.000000000,204.99153,203.83657
2026-06-05T15:00:00.000000000,208.5041,203.83671
2026-06-05T16:00:00.000000000,211.92258,203.47852
2026-06-05T17:00:00.000000000,217.46793,202.55021
2026-06-05T18:00:00.000000000,224.01308,201.80095
2026-06-05T19:00:00.000000000,223.37557,202.05431
2026-06-05T20:00:00.000000000,223.65897,202.67716
2026-06-05T21:00:00.000000000,222.33571,202.27021
2026-06-05T22:00:00.000000000,224.07769,201.50979
2026-06-05T23:00:00.000000000,221.63633,201.71461
2026-06-06T00:00:00.000000000,225.0469,198.07524
2026-06-06T01:00:00.000000000,235.32468,200.80138
2026-06-06T02:00:00.000000000,240.08835,203.26111
2026-06-06T03:00:00.000000000,247.94428,202.46445
2026-06-06T04:00:00.000000000,251.75812,202.80892
2026-06-06T05:00:00.000000000,241.53242,203.77144
2026-06-06T06:00:00.000000000,233.87903,203.79996
2026-06-06T07:00:00.000000000,228.76387,202.58025
2026-06-06T08:00:00.000000000,224.45031,202.98553
2026-06-06T09:00:00.000000000,221.19748,201.38083
2026-06-06T10:00:00.000000000,218.4469,200.66293
2026-06-06T11:00:00.000000000,213.16547,198.93931
2026-06-06T12:00:00.000000000,212.44529,198.1951
2026-06-06T13:00:00.000000000,208.60665,197.05561
2026-06-06T14:00:00.000000000,217.09011,197.6732
2026-06-06T15:00:00.000000000,238.02852,197.50061
2026-06-06T16:00:00.000000000,247.76003,197.19642
2026-06-06T17:00:00.000000000,253.2021,196.15101
2026-06-06T18:00:00.000000000,258.46274,195.37865
2026-06-06T19:00:00.000000000,257.66689,195.55744
2026-06-06T20:00:00.000000000,256.54105,196.27716
2026-06-06T21:00:00.000000000,254.82485,195.96578
2026-06-06T22:00:00.000000000,248.76004,195.07509
2026-06-06T23:00:00.000000000,243.81522,195.28746
